model_id,model_type,params,threshold,learning_rate,random_state,max_depth,n_estimators,subsample,roc_auc_avg,roc_auc_std,accuracy_avg,accuracy_std,precision_avg,precision_std,recall_avg,recall_std
GB_paramset-1,GB,"{'subsample': 0.1, 'learning_rate': 0.001, 'random_state': 1, 'n_estimators': 1, 'max_depth': 1}",0.5,0.001,1,1,1,0.1,0.887305012585,0.00757560363542,0.518892651476,0.000135282247831,0.0,0.0,0.0,0.0
GB_paramset-1,GB,"{'subsample': 0.1, 'learning_rate': 0.001, 'random_state': 1, 'n_estimators': 1, 'max_depth': 1}",0.6,0.001,1,1,1,0.1,0.887305012585,0.00757560363542,0.518892651476,0.000135282247831,0.0,0.0,0.0,0.0
GB_paramset-1,GB,"{'subsample': 0.1, 'learning_rate': 0.001, 'random_state': 1, 'n_estimators': 1, 'max_depth': 1}",0.7,0.001,1,1,1,0.1,0.887305012585,0.00757560363542,0.518892651476,0.000135282247831,0.0,0.0,0.0,0.0
GB_paramset-1,GB,"{'subsample': 0.1, 'learning_rate': 0.001, 'random_state': 1, 'n_estimators': 1, 'max_depth': 1}",0.8,0.001,1,1,1,0.1,0.887305012585,0.00757560363542,0.518892651476,0.000135282247831,0.0,0.0,0.0,0.0
GB_paramset-1,GB,"{'subsample': 0.1, 'learning_rate': 0.001, 'random_state': 1, 'n_estimators': 1, 'max_depth': 1}",0.9,0.001,1,1,1,0.1,0.887305012585,0.00757560363542,0.518892651476,0.000135282247831,0.0,0.0,0.0,0.0
GB_paramset-2,GB,"{'subsample': 0.5, 'learning_rate': 0.001, 'random_state': 1, 'n_estimators': 1, 'max_depth': 1}",0.5,0.001,1,1,1,0.5,0.895134956156,0.0174367117644,0.518892651476,0.000135282247831,0.0,0.0,0.0,0.0
GB_paramset-2,GB,"{'subsample': 0.5, 'learning_rate': 0.001, 'random_state': 1, 'n_estimators': 1, 'max_depth': 1}",0.6,0.001,1,1,1,0.5,0.895134956156,0.0174367117644,0.518892651476,0.000135282247831,0.0,0.0,0.0,0.0
GB_paramset-2,GB,"{'subsample': 0.5, 'learning_rate': 0.001, 'random_state': 1, 'n_estimators': 1, 'max_depth': 1}",0.7,0.001,1,1,1,0.5,0.895134956156,0.0174367117644,0.518892651476,0.000135282247831,0.0,0.0,0.0,0.0
GB_paramset-2,GB,"{'subsample': 0.5, 'learning_rate': 0.001, 'random_state': 1, 'n_estimators': 1, 'max_depth': 1}",0.8,0.001,1,1,1,0.5,0.895134956156,0.0174367117644,0.518892651476,0.000135282247831,0.0,0.0,0.0,0.0
GB_paramset-2,GB,"{'subsample': 0.5, 'learning_rate': 0.001, 'random_state': 1, 'n_estimators': 1, 'max_depth': 1}",0.9,0.001,1,1,1,0.5,0.895134956156,0.0174367117644,0.518892651476,0.000135282247831,0.0,0.0,0.0,0.0
GB_paramset-3,GB,"{'subsample': 1.0, 'learning_rate': 0.001, 'random_state': 1, 'n_estimators': 1, 'max_depth': 1}",0.5,0.001,1,1,1,1.0,0.89483598391,0.0126433456753,0.518892651476,0.000135282247831,0.0,0.0,0.0,0.0
GB_paramset-3,GB,"{'subsample': 1.0, 'learning_rate': 0.001, 'random_state': 1, 'n_estimators': 1, 'max_depth': 1}",0.6,0.001,1,1,1,1.0,0.89483598391,0.0126433456753,0.518892651476,0.000135282247831,0.0,0.0,0.0,0.0
GB_paramset-3,GB,"{'subsample': 1.0, 'learning_rate': 0.001, 'random_state': 1, 'n_estimators': 1, 'max_depth': 1}",0.7,0.001,1,1,1,1.0,0.89483598391,0.0126433456753,0.518892651476,0.000135282247831,0.0,0.0,0.0,0.0
GB_paramset-3,GB,"{'subsample': 1.0, 'learning_rate': 0.001, 'random_state': 1, 'n_estimators': 1, 'max_depth': 1}",0.8,0.001,1,1,1,1.0,0.89483598391,0.0126433456753,0.518892651476,0.000135282247831,0.0,0.0,0.0,0.0
GB_paramset-3,GB,"{'subsample': 1.0, 'learning_rate': 0.001, 'random_state': 1, 'n_estimators': 1, 'max_depth': 1}",0.9,0.001,1,1,1,1.0,0.89483598391,0.0126433456753,0.518892651476,0.000135282247831,0.0,0.0,0.0,0.0
GB_paramset-4,GB,"{'subsample': 0.1, 'learning_rate': 0.001, 'random_state': 1, 'n_estimators': 10, 'max_depth': 1}",0.5,0.001,1,1,10,0.1,0.937025534852,0.0118745224482,0.518892651476,0.000135282247831,0.0,0.0,0.0,0.0
GB_paramset-4,GB,"{'subsample': 0.1, 'learning_rate': 0.001, 'random_state': 1, 'n_estimators': 10, 'max_depth': 1}",0.6,0.001,1,1,10,0.1,0.937025534852,0.0118745224482,0.518892651476,0.000135282247831,0.0,0.0,0.0,0.0
GB_paramset-4,GB,"{'subsample': 0.1, 'learning_rate': 0.001, 'random_state': 1, 'n_estimators': 10, 'max_depth': 1}",0.7,0.001,1,1,10,0.1,0.937025534852,0.0118745224482,0.518892651476,0.000135282247831,0.0,0.0,0.0,0.0
GB_paramset-4,GB,"{'subsample': 0.1, 'learning_rate': 0.001, 'random_state': 1, 'n_estimators': 10, 'max_depth': 1}",0.8,0.001,1,1,10,0.1,0.937025534852,0.0118745224482,0.518892651476,0.000135282247831,0.0,0.0,0.0,0.0
GB_paramset-4,GB,"{'subsample': 0.1, 'learning_rate': 0.001, 'random_state': 1, 'n_estimators': 10, 'max_depth': 1}",0.9,0.001,1,1,10,0.1,0.937025534852,0.0118745224482,0.518892651476,0.000135282247831,0.0,0.0,0.0,0.0
GB_paramset-5,GB,"{'subsample': 0.5, 'learning_rate': 0.001, 'random_state': 1, 'n_estimators': 10, 'max_depth': 1}",0.5,0.001,1,1,10,0.5,0.932588841696,0.0147483896187,0.518892651476,0.000135282247831,0.0,0.0,0.0,0.0
GB_paramset-5,GB,"{'subsample': 0.5, 'learning_rate': 0.001, 'random_state': 1, 'n_estimators': 10, 'max_depth': 1}",0.6,0.001,1,1,10,0.5,0.932588841696,0.0147483896187,0.518892651476,0.000135282247831,0.0,0.0,0.0,0.0
GB_paramset-5,GB,"{'subsample': 0.5, 'learning_rate': 0.001, 'random_state': 1, 'n_estimators': 10, 'max_depth': 1}",0.7,0.001,1,1,10,0.5,0.932588841696,0.0147483896187,0.518892651476,0.000135282247831,0.0,0.0,0.0,0.0
GB_paramset-5,GB,"{'subsample': 0.5, 'learning_rate': 0.001, 'random_state': 1, 'n_estimators': 10, 'max_depth': 1}",0.8,0.001,1,1,10,0.5,0.932588841696,0.0147483896187,0.518892651476,0.000135282247831,0.0,0.0,0.0,0.0
GB_paramset-5,GB,"{'subsample': 0.5, 'learning_rate': 0.001, 'random_state': 1, 'n_estimators': 10, 'max_depth': 1}",0.9,0.001,1,1,10,0.5,0.932588841696,0.0147483896187,0.518892651476,0.000135282247831,0.0,0.0,0.0,0.0
GB_paramset-6,GB,"{'subsample': 1.0, 'learning_rate': 0.001, 'random_state': 1, 'n_estimators': 10, 'max_depth': 1}",0.5,0.001,1,1,10,1.0,0.89483598391,0.0126433456753,0.518892651476,0.000135282247831,0.0,0.0,0.0,0.0
GB_paramset-6,GB,"{'subsample': 1.0, 'learning_rate': 0.001, 'random_state': 1, 'n_estimators': 10, 'max_depth': 1}",0.6,0.001,1,1,10,1.0,0.89483598391,0.0126433456753,0.518892651476,0.000135282247831,0.0,0.0,0.0,0.0
GB_paramset-6,GB,"{'subsample': 1.0, 'learning_rate': 0.001, 'random_state': 1, 'n_estimators': 10, 'max_depth': 1}",0.7,0.001,1,1,10,1.0,0.89483598391,0.0126433456753,0.518892651476,0.000135282247831,0.0,0.0,0.0,0.0
GB_paramset-6,GB,"{'subsample': 1.0, 'learning_rate': 0.001, 'random_state': 1, 'n_estimators': 10, 'max_depth': 1}",0.8,0.001,1,1,10,1.0,0.89483598391,0.0126433456753,0.518892651476,0.000135282247831,0.0,0.0,0.0,0.0
GB_paramset-6,GB,"{'subsample': 1.0, 'learning_rate': 0.001, 'random_state': 1, 'n_estimators': 10, 'max_depth': 1}",0.9,0.001,1,1,10,1.0,0.89483598391,0.0126433456753,0.518892651476,0.000135282247831,0.0,0.0,0.0,0.0
GB_paramset-7,GB,"{'subsample': 0.1, 'learning_rate': 0.001, 'random_state': 1, 'n_estimators': 100, 'max_depth': 1}",0.5,0.001,1,1,100,0.1,0.950378641795,0.0106078194863,0.858883850848,0.0558525797543,0.900488452601,0.0584777340514,0.800512566138,0.13027521483
GB_paramset-7,GB,"{'subsample': 0.1, 'learning_rate': 0.001, 'random_state': 1, 'n_estimators': 100, 'max_depth': 1}",0.6,0.001,1,1,100,0.1,0.950378641795,0.0106078194863,0.518892651476,0.000135282247831,0.0,0.0,0.0,0.0
GB_paramset-7,GB,"{'subsample': 0.1, 'learning_rate': 0.001, 'random_state': 1, 'n_estimators': 100, 'max_depth': 1}",0.7,0.001,1,1,100,0.1,0.950378641795,0.0106078194863,0.518892651476,0.000135282247831,0.0,0.0,0.0,0.0
GB_paramset-7,GB,"{'subsample': 0.1, 'learning_rate': 0.001, 'random_state': 1, 'n_estimators': 100, 'max_depth': 1}",0.8,0.001,1,1,100,0.1,0.950378641795,0.0106078194863,0.518892651476,0.000135282247831,0.0,0.0,0.0,0.0
GB_paramset-7,GB,"{'subsample': 0.1, 'learning_rate': 0.001, 'random_state': 1, 'n_estimators': 100, 'max_depth': 1}",0.9,0.001,1,1,100,0.1,0.950378641795,0.0106078194863,0.518892651476,0.000135282247831,0.0,0.0,0.0,0.0
GB_paramset-8,GB,"{'subsample': 0.5, 'learning_rate': 0.001, 'random_state': 1, 'n_estimators': 100, 'max_depth': 1}",0.5,0.001,1,1,100,0.5,0.943445826398,0.0150687157194,0.886644091144,0.0245696995084,0.869722514928,0.0224886376213,0.900297619048,0.0594586697143
GB_paramset-8,GB,"{'subsample': 0.5, 'learning_rate': 0.001, 'random_state': 1, 'n_estimators': 100, 'max_depth': 1}",0.6,0.001,1,1,100,0.5,0.943445826398,0.0150687157194,0.518892651476,0.000135282247831,0.0,0.0,0.0,0.0
GB_paramset-8,GB,"{'subsample': 0.5, 'learning_rate': 0.001, 'random_state': 1, 'n_estimators': 100, 'max_depth': 1}",0.7,0.001,1,1,100,0.5,0.943445826398,0.0150687157194,0.518892651476,0.000135282247831,0.0,0.0,0.0,0.0
GB_paramset-8,GB,"{'subsample': 0.5, 'learning_rate': 0.001, 'random_state': 1, 'n_estimators': 100, 'max_depth': 1}",0.8,0.001,1,1,100,0.5,0.943445826398,0.0150687157194,0.518892651476,0.000135282247831,0.0,0.0,0.0,0.0
GB_paramset-8,GB,"{'subsample': 0.5, 'learning_rate': 0.001, 'random_state': 1, 'n_estimators': 100, 'max_depth': 1}",0.9,0.001,1,1,100,0.5,0.943445826398,0.0150687157194,0.518892651476,0.000135282247831,0.0,0.0,0.0,0.0
GB_paramset-9,GB,"{'subsample': 1.0, 'learning_rate': 0.001, 'random_state': 1, 'n_estimators': 100, 'max_depth': 1}",0.5,0.001,1,1,100,1.0,0.915154256147,0.00938796664533,0.891656622472,0.0130279824946,0.864736164736,0.0251752716321,0.921130952381,0.0519449692729
GB_paramset-9,GB,"{'subsample': 1.0, 'learning_rate': 0.001, 'random_state': 1, 'n_estimators': 100, 'max_depth': 1}",0.6,0.001,1,1,100,1.0,0.915154256147,0.00938796664533,0.518892651476,0.000135282247831,0.0,0.0,0.0,0.0
GB_paramset-9,GB,"{'subsample': 1.0, 'learning_rate': 0.001, 'random_state': 1, 'n_estimators': 100, 'max_depth': 1}",0.7,0.001,1,1,100,1.0,0.915154256147,0.00938796664533,0.518892651476,0.000135282247831,0.0,0.0,0.0,0.0
GB_paramset-9,GB,"{'subsample': 1.0, 'learning_rate': 0.001, 'random_state': 1, 'n_estimators': 100, 'max_depth': 1}",0.8,0.001,1,1,100,1.0,0.915154256147,0.00938796664533,0.518892651476,0.000135282247831,0.0,0.0,0.0,0.0
GB_paramset-9,GB,"{'subsample': 1.0, 'learning_rate': 0.001, 'random_state': 1, 'n_estimators': 100, 'max_depth': 1}",0.9,0.001,1,1,100,1.0,0.915154256147,0.00938796664533,0.518892651476,0.000135282247831,0.0,0.0,0.0,0.0
GB_paramset-10,GB,"{'subsample': 0.1, 'learning_rate': 0.001, 'random_state': 1, 'n_estimators': 1000, 'max_depth': 1}",0.5,0.001,1,1,1000,0.1,0.954592374389,0.0112548713921,0.884176089078,0.0253593276238,0.873445102857,0.0521698185289,0.894923941799,0.0664140426549
GB_paramset-10,GB,"{'subsample': 0.1, 'learning_rate': 0.001, 'random_state': 1, 'n_estimators': 1000, 'max_depth': 1}",0.6,0.001,1,1,1000,0.1,0.954592374389,0.0112548713921,0.85387131952,0.0432218461563,0.907212885154,0.0679253659987,0.78480489418,0.110025971298
GB_paramset-10,GB,"{'subsample': 0.1, 'learning_rate': 0.001, 'random_state': 1, 'n_estimators': 1000, 'max_depth': 1}",0.7,0.001,1,1,1000,0.1,0.954592374389,0.0112548713921,0.790678987545,0.0415060663681,0.939826839827,0.0452417198573,0.611772486772,0.124652809579
GB_paramset-10,GB,"{'subsample': 0.1, 'learning_rate': 0.001, 'random_state': 1, 'n_estimators': 1000, 'max_depth': 1}",0.8,0.001,1,1,1000,0.1,0.954592374389,0.0112548713921,0.518892651476,0.000135282247831,0.0,0.0,0.0,0.0
GB_paramset-10,GB,"{'subsample': 0.1, 'learning_rate': 0.001, 'random_state': 1, 'n_estimators': 1000, 'max_depth': 1}",0.9,0.001,1,1,1000,0.1,0.954592374389,0.0112548713921,0.518892651476,0.000135282247831,0.0,0.0,0.0,0.0
GB_paramset-11,GB,"{'subsample': 0.5, 'learning_rate': 0.001, 'random_state': 1, 'n_estimators': 1000, 'max_depth': 1}",0.5,0.001,1,1,1000,0.5,0.952990948795,0.00884946785808,0.886644091144,0.0184350941305,0.852630856663,0.0276337629299,0.926421957672,0.0455757238649
GB_paramset-11,GB,"{'subsample': 0.5, 'learning_rate': 0.001, 'random_state': 1, 'n_estimators': 1000, 'max_depth': 1}",0.6,0.001,1,1,1000,0.5,0.952990948795,0.00884946785808,0.886605827546,0.0343262329663,0.895186293251,0.0365784166642,0.868716931217,0.0829847752375
GB_paramset-11,GB,"{'subsample': 0.5, 'learning_rate': 0.001, 'random_state': 1, 'n_estimators': 1000, 'max_depth': 1}",0.7,0.001,1,1,1000,0.5,0.952990948795,0.00884946785808,0.79815952094,0.053828648316,0.931481481481,0.0497593660835,0.637731481481,0.156650293148
GB_paramset-11,GB,"{'subsample': 0.5, 'learning_rate': 0.001, 'random_state': 1, 'n_estimators': 1000, 'max_depth': 1}",0.8,0.001,1,1,1000,0.5,0.952990948795,0.00884946785808,0.518892651476,0.000135282247831,0.0,0.0,0.0,0.0
GB_paramset-11,GB,"{'subsample': 0.5, 'learning_rate': 0.001, 'random_state': 1, 'n_estimators': 1000, 'max_depth': 1}",0.9,0.001,1,1,1000,0.5,0.952990948795,0.00884946785808,0.518892651476,0.000135282247831,0.0,0.0,0.0,0.0
GB_paramset-12,GB,"{'subsample': 1.0, 'learning_rate': 0.001, 'random_state': 1, 'n_estimators': 1000, 'max_depth': 1}",0.5,0.001,1,1,1000,1.0,0.940750424566,0.013638431615,0.891656622472,0.0130279824946,0.85425748329,0.0257090038414,0.936838624339,0.0468981045445
GB_paramset-12,GB,"{'subsample': 1.0, 'learning_rate': 0.001, 'random_state': 1, 'n_estimators': 1000, 'max_depth': 1}",0.6,0.001,1,1,1000,1.0,0.940750424566,0.013638431615,0.886644091144,0.0307060903278,0.876612903226,0.0184722607985,0.889880952381,0.0678594271754
GB_paramset-12,GB,"{'subsample': 1.0, 'learning_rate': 0.001, 'random_state': 1, 'n_estimators': 1000, 'max_depth': 1}",0.7,0.001,1,1,1000,1.0,0.940750424566,0.013638431615,0.81346496011,0.0362253022706,0.930808080808,0.050043344135,0.669560185185,0.115651006881
GB_paramset-12,GB,"{'subsample': 1.0, 'learning_rate': 0.001, 'random_state': 1, 'n_estimators': 1000, 'max_depth': 1}",0.8,0.001,1,1,1000,1.0,0.940750424566,0.013638431615,0.518892651476,0.000135282247831,0.0,0.0,0.0,0.0
GB_paramset-12,GB,"{'subsample': 1.0, 'learning_rate': 0.001, 'random_state': 1, 'n_estimators': 1000, 'max_depth': 1}",0.9,0.001,1,1,1000,1.0,0.940750424566,0.013638431615,0.518892651476,0.000135282247831,0.0,0.0,0.0,0.0
GB_paramset-13,GB,"{'subsample': 0.1, 'learning_rate': 0.001, 'random_state': 1, 'n_estimators': 1, 'max_depth': 3}",0.5,0.001,1,3,1,0.1,0.861227824463,0.0242467964245,0.518892651476,0.000135282247831,0.0,0.0,0.0,0.0
GB_paramset-13,GB,"{'subsample': 0.1, 'learning_rate': 0.001, 'random_state': 1, 'n_estimators': 1, 'max_depth': 3}",0.6,0.001,1,3,1,0.1,0.861227824463,0.0242467964245,0.518892651476,0.000135282247831,0.0,0.0,0.0,0.0
GB_paramset-13,GB,"{'subsample': 0.1, 'learning_rate': 0.001, 'random_state': 1, 'n_estimators': 1, 'max_depth': 3}",0.7,0.001,1,3,1,0.1,0.861227824463,0.0242467964245,0.518892651476,0.000135282247831,0.0,0.0,0.0,0.0
GB_paramset-13,GB,"{'subsample': 0.1, 'learning_rate': 0.001, 'random_state': 1, 'n_estimators': 1, 'max_depth': 3}",0.8,0.001,1,3,1,0.1,0.861227824463,0.0242467964245,0.518892651476,0.000135282247831,0.0,0.0,0.0,0.0
GB_paramset-13,GB,"{'subsample': 0.1, 'learning_rate': 0.001, 'random_state': 1, 'n_estimators': 1, 'max_depth': 3}",0.9,0.001,1,3,1,0.1,0.861227824463,0.0242467964245,0.518892651476,0.000135282247831,0.0,0.0,0.0,0.0
GB_paramset-14,GB,"{'subsample': 0.5, 'learning_rate': 0.001, 'random_state': 1, 'n_estimators': 1, 'max_depth': 3}",0.5,0.001,1,3,1,0.5,0.886333352786,0.0192344400171,0.518892651476,0.000135282247831,0.0,0.0,0.0,0.0
GB_paramset-14,GB,"{'subsample': 0.5, 'learning_rate': 0.001, 'random_state': 1, 'n_estimators': 1, 'max_depth': 3}",0.6,0.001,1,3,1,0.5,0.886333352786,0.0192344400171,0.518892651476,0.000135282247831,0.0,0.0,0.0,0.0
GB_paramset-14,GB,"{'subsample': 0.5, 'learning_rate': 0.001, 'random_state': 1, 'n_estimators': 1, 'max_depth': 3}",0.7,0.001,1,3,1,0.5,0.886333352786,0.0192344400171,0.518892651476,0.000135282247831,0.0,0.0,0.0,0.0
GB_paramset-14,GB,"{'subsample': 0.5, 'learning_rate': 0.001, 'random_state': 1, 'n_estimators': 1, 'max_depth': 3}",0.8,0.001,1,3,1,0.5,0.886333352786,0.0192344400171,0.518892651476,0.000135282247831,0.0,0.0,0.0,0.0
GB_paramset-14,GB,"{'subsample': 0.5, 'learning_rate': 0.001, 'random_state': 1, 'n_estimators': 1, 'max_depth': 3}",0.9,0.001,1,3,1,0.5,0.886333352786,0.0192344400171,0.518892651476,0.000135282247831,0.0,0.0,0.0,0.0
GB_paramset-15,GB,"{'subsample': 1.0, 'learning_rate': 0.001, 'random_state': 1, 'n_estimators': 1, 'max_depth': 3}",0.5,0.001,1,3,1,1.0,0.874242314679,0.043692925225,0.518892651476,0.000135282247831,0.0,0.0,0.0,0.0
GB_paramset-15,GB,"{'subsample': 1.0, 'learning_rate': 0.001, 'random_state': 1, 'n_estimators': 1, 'max_depth': 3}",0.6,0.001,1,3,1,1.0,0.874242314679,0.043692925225,0.518892651476,0.000135282247831,0.0,0.0,0.0,0.0
GB_paramset-15,GB,"{'subsample': 1.0, 'learning_rate': 0.001, 'random_state': 1, 'n_estimators': 1, 'max_depth': 3}",0.7,0.001,1,3,1,1.0,0.874242314679,0.043692925225,0.518892651476,0.000135282247831,0.0,0.0,0.0,0.0
GB_paramset-15,GB,"{'subsample': 1.0, 'learning_rate': 0.001, 'random_state': 1, 'n_estimators': 1, 'max_depth': 3}",0.8,0.001,1,3,1,1.0,0.874242314679,0.043692925225,0.518892651476,0.000135282247831,0.0,0.0,0.0,0.0
GB_paramset-15,GB,"{'subsample': 1.0, 'learning_rate': 0.001, 'random_state': 1, 'n_estimators': 1, 'max_depth': 3}",0.9,0.001,1,3,1,1.0,0.874242314679,0.043692925225,0.518892651476,0.000135282247831,0.0,0.0,0.0,0.0
GB_paramset-16,GB,"{'subsample': 0.1, 'learning_rate': 0.001, 'random_state': 1, 'n_estimators': 10, 'max_depth': 3}",0.5,0.001,1,3,10,0.1,0.926403351196,0.0202856154508,0.518892651476,0.000135282247831,0.0,0.0,0.0,0.0
GB_paramset-16,GB,"{'subsample': 0.1, 'learning_rate': 0.001, 'random_state': 1, 'n_estimators': 10, 'max_depth': 3}",0.6,0.001,1,3,10,0.1,0.926403351196,0.0202856154508,0.518892651476,0.000135282247831,0.0,0.0,0.0,0.0
GB_paramset-16,GB,"{'subsample': 0.1, 'learning_rate': 0.001, 'random_state': 1, 'n_estimators': 10, 'max_depth': 3}",0.7,0.001,1,3,10,0.1,0.926403351196,0.0202856154508,0.518892651476,0.000135282247831,0.0,0.0,0.0,0.0
GB_paramset-16,GB,"{'subsample': 0.1, 'learning_rate': 0.001, 'random_state': 1, 'n_estimators': 10, 'max_depth': 3}",0.8,0.001,1,3,10,0.1,0.926403351196,0.0202856154508,0.518892651476,0.000135282247831,0.0,0.0,0.0,0.0
GB_paramset-16,GB,"{'subsample': 0.1, 'learning_rate': 0.001, 'random_state': 1, 'n_estimators': 10, 'max_depth': 3}",0.9,0.001,1,3,10,0.1,0.926403351196,0.0202856154508,0.518892651476,0.000135282247831,0.0,0.0,0.0,0.0
GB_paramset-17,GB,"{'subsample': 0.5, 'learning_rate': 0.001, 'random_state': 1, 'n_estimators': 10, 'max_depth': 3}",0.5,0.001,1,3,10,0.5,0.926303658541,0.0299570518488,0.518892651476,0.000135282247831,0.0,0.0,0.0,0.0
GB_paramset-17,GB,"{'subsample': 0.5, 'learning_rate': 0.001, 'random_state': 1, 'n_estimators': 10, 'max_depth': 3}",0.6,0.001,1,3,10,0.5,0.926303658541,0.0299570518488,0.518892651476,0.000135282247831,0.0,0.0,0.0,0.0
GB_paramset-17,GB,"{'subsample': 0.5, 'learning_rate': 0.001, 'random_state': 1, 'n_estimators': 10, 'max_depth': 3}",0.7,0.001,1,3,10,0.5,0.926303658541,0.0299570518488,0.518892651476,0.000135282247831,0.0,0.0,0.0,0.0
GB_paramset-17,GB,"{'subsample': 0.5, 'learning_rate': 0.001, 'random_state': 1, 'n_estimators': 10, 'max_depth': 3}",0.8,0.001,1,3,10,0.5,0.926303658541,0.0299570518488,0.518892651476,0.000135282247831,0.0,0.0,0.0,0.0
GB_paramset-17,GB,"{'subsample': 0.5, 'learning_rate': 0.001, 'random_state': 1, 'n_estimators': 10, 'max_depth': 3}",0.9,0.001,1,3,10,0.5,0.926303658541,0.0299570518488,0.518892651476,0.000135282247831,0.0,0.0,0.0,0.0
GB_paramset-18,GB,"{'subsample': 1.0, 'learning_rate': 0.001, 'random_state': 1, 'n_estimators': 10, 'max_depth': 3}",0.5,0.001,1,3,10,1.0,0.881634160307,0.0456214367261,0.518892651476,0.000135282247831,0.0,0.0,0.0,0.0
GB_paramset-18,GB,"{'subsample': 1.0, 'learning_rate': 0.001, 'random_state': 1, 'n_estimators': 10, 'max_depth': 3}",0.6,0.001,1,3,10,1.0,0.881634160307,0.0456214367261,0.518892651476,0.000135282247831,0.0,0.0,0.0,0.0
GB_paramset-18,GB,"{'subsample': 1.0, 'learning_rate': 0.001, 'random_state': 1, 'n_estimators': 10, 'max_depth': 3}",0.7,0.001,1,3,10,1.0,0.881634160307,0.0456214367261,0.518892651476,0.000135282247831,0.0,0.0,0.0,0.0
GB_paramset-18,GB,"{'subsample': 1.0, 'learning_rate': 0.001, 'random_state': 1, 'n_estimators': 10, 'max_depth': 3}",0.8,0.001,1,3,10,1.0,0.881634160307,0.0456214367261,0.518892651476,0.000135282247831,0.0,0.0,0.0,0.0
GB_paramset-18,GB,"{'subsample': 1.0, 'learning_rate': 0.001, 'random_state': 1, 'n_estimators': 10, 'max_depth': 3}",0.9,0.001,1,3,10,1.0,0.881634160307,0.0456214367261,0.518892651476,0.000135282247831,0.0,0.0,0.0,0.0
GB_paramset-19,GB,"{'subsample': 0.1, 'learning_rate': 0.001, 'random_state': 1, 'n_estimators': 100, 'max_depth': 3}",0.5,0.001,1,3,100,0.1,0.948966029649,0.0147333363102,0.874112762823,0.0407077119373,0.889370410497,0.0535679939466,0.847883597884,0.0856152645705
GB_paramset-19,GB,"{'subsample': 0.1, 'learning_rate': 0.001, 'random_state': 1, 'n_estimators': 100, 'max_depth': 3}",0.6,0.001,1,3,100,0.1,0.948966029649,0.0147333363102,0.518892651476,0.000135282247831,0.0,0.0,0.0,0.0
GB_paramset-19,GB,"{'subsample': 0.1, 'learning_rate': 0.001, 'random_state': 1, 'n_estimators': 100, 'max_depth': 3}",0.7,0.001,1,3,100,0.1,0.948966029649,0.0147333363102,0.518892651476,0.000135282247831,0.0,0.0,0.0,0.0
GB_paramset-19,GB,"{'subsample': 0.1, 'learning_rate': 0.001, 'random_state': 1, 'n_estimators': 100, 'max_depth': 3}",0.8,0.001,1,3,100,0.1,0.948966029649,0.0147333363102,0.518892651476,0.000135282247831,0.0,0.0,0.0,0.0
GB_paramset-19,GB,"{'subsample': 0.1, 'learning_rate': 0.001, 'random_state': 1, 'n_estimators': 100, 'max_depth': 3}",0.9,0.001,1,3,100,0.1,0.948966029649,0.0147333363102,0.518892651476,0.000135282247831,0.0,0.0,0.0,0.0
GB_paramset-20,GB,"{'subsample': 0.5, 'learning_rate': 0.001, 'random_state': 1, 'n_estimators': 100, 'max_depth': 3}",0.5,0.001,1,3,100,0.5,0.930252566002,0.0252805041909,0.85406263751,0.0224378240676,0.867486338798,0.0230125373653,0.822172619048,0.0255372058061
GB_paramset-20,GB,"{'subsample': 0.5, 'learning_rate': 0.001, 'random_state': 1, 'n_estimators': 100, 'max_depth': 3}",0.6,0.001,1,3,100,0.5,0.930252566002,0.0252805041909,0.518892651476,0.000135282247831,0.0,0.0,0.0,0.0
GB_paramset-20,GB,"{'subsample': 0.5, 'learning_rate': 0.001, 'random_state': 1, 'n_estimators': 100, 'max_depth': 3}",0.7,0.001,1,3,100,0.5,0.930252566002,0.0252805041909,0.518892651476,0.000135282247831,0.0,0.0,0.0,0.0
GB_paramset-20,GB,"{'subsample': 0.5, 'learning_rate': 0.001, 'random_state': 1, 'n_estimators': 100, 'max_depth': 3}",0.8,0.001,1,3,100,0.5,0.930252566002,0.0252805041909,0.518892651476,0.000135282247831,0.0,0.0,0.0,0.0
GB_paramset-20,GB,"{'subsample': 0.5, 'learning_rate': 0.001, 'random_state': 1, 'n_estimators': 100, 'max_depth': 3}",0.9,0.001,1,3,100,0.5,0.930252566002,0.0252805041909,0.518892651476,0.000135282247831,0.0,0.0,0.0,0.0
GB_paramset-21,GB,"{'subsample': 1.0, 'learning_rate': 0.001, 'random_state': 1, 'n_estimators': 100, 'max_depth': 3}",0.5,0.001,1,3,100,1.0,0.916799449248,0.0304528170131,0.856568903174,0.0275243095157,0.86065188172,0.031619213,0.837797619048,0.0289510066344
GB_paramset-21,GB,"{'subsample': 1.0, 'learning_rate': 0.001, 'random_state': 1, 'n_estimators': 100, 'max_depth': 3}",0.6,0.001,1,3,100,1.0,0.916799449248,0.0304528170131,0.518892651476,0.000135282247831,0.0,0.0,0.0,0.0
GB_paramset-21,GB,"{'subsample': 1.0, 'learning_rate': 0.001, 'random_state': 1, 'n_estimators': 100, 'max_depth': 3}",0.7,0.001,1,3,100,1.0,0.916799449248,0.0304528170131,0.518892651476,0.000135282247831,0.0,0.0,0.0,0.0
GB_paramset-21,GB,"{'subsample': 1.0, 'learning_rate': 0.001, 'random_state': 1, 'n_estimators': 100, 'max_depth': 3}",0.8,0.001,1,3,100,1.0,0.916799449248,0.0304528170131,0.518892651476,0.000135282247831,0.0,0.0,0.0,0.0
GB_paramset-21,GB,"{'subsample': 1.0, 'learning_rate': 0.001, 'random_state': 1, 'n_estimators': 100, 'max_depth': 3}",0.9,0.001,1,3,100,1.0,0.916799449248,0.0304528170131,0.518892651476,0.000135282247831,0.0,0.0,0.0,0.0
GB_paramset-22,GB,"{'subsample': 0.1, 'learning_rate': 0.001, 'random_state': 1, 'n_estimators': 1000, 'max_depth': 3}",0.5,0.001,1,3,1000,0.1,0.952092129122,0.0100162453844,0.881593296218,0.0155727437675,0.863389066273,0.0355937135305,0.900132275132,0.0586833484921
GB_paramset-22,GB,"{'subsample': 0.1, 'learning_rate': 0.001, 'random_state': 1, 'n_estimators': 1000, 'max_depth': 3}",0.6,0.001,1,3,1000,0.1,0.952092129122,0.0100162453844,0.856415848782,0.0368487785341,0.892778187178,0.062513060134,0.805803571429,0.0954529291964
GB_paramset-22,GB,"{'subsample': 0.1, 'learning_rate': 0.001, 'random_state': 1, 'n_estimators': 1000, 'max_depth': 3}",0.7,0.001,1,3,1000,0.1,0.952092129122,0.0100162453844,0.803363370258,0.0335701092134,0.933982683983,0.0471493959108,0.643353174603,0.105897840579
GB_paramset-22,GB,"{'subsample': 0.1, 'learning_rate': 0.001, 'random_state': 1, 'n_estimators': 1000, 'max_depth': 3}",0.8,0.001,1,3,1000,0.1,0.952092129122,0.0100162453844,0.67250186535,0.0193469317854,1.0,0.0,0.319279100529,0.04026591145
GB_paramset-22,GB,"{'subsample': 0.1, 'learning_rate': 0.001, 'random_state': 1, 'n_estimators': 1000, 'max_depth': 3}",0.9,0.001,1,3,1000,0.1,0.952092129122,0.0100162453844,0.518892651476,0.000135282247831,0.0,0.0,0.0,0.0
GB_paramset-23,GB,"{'subsample': 0.5, 'learning_rate': 0.001, 'random_state': 1, 'n_estimators': 1000, 'max_depth': 3}",0.5,0.001,1,3,1000,0.5,0.92230347755,0.0237514531726,0.866632229429,0.0285086017115,0.857012750455,0.0315754750881,0.869130291005,0.0574756236267
GB_paramset-23,GB,"{'subsample': 0.5, 'learning_rate': 0.001, 'random_state': 1, 'n_estimators': 1000, 'max_depth': 3}",0.6,0.001,1,3,1000,0.5,0.92230347755,0.0237514531726,0.844075838451,0.0352254503784,0.864475024739,0.0359908857196,0.801339285714,0.0438546488937
GB_paramset-23,GB,"{'subsample': 0.5, 'learning_rate': 0.001, 'random_state': 1, 'n_estimators': 1000, 'max_depth': 3}",0.7,0.001,1,3,1000,0.5,0.92230347755,0.0237514531726,0.803707742639,0.0473271134295,0.885266668991,0.0513969161132,0.680720899471,0.0901762734402
GB_paramset-23,GB,"{'subsample': 0.5, 'learning_rate': 0.001, 'random_state': 1, 'n_estimators': 1000, 'max_depth': 3}",0.8,0.001,1,3,1000,0.5,0.92230347755,0.0237514531726,0.518892651476,0.000135282247831,0.0,0.0,0.0,0.0
GB_paramset-23,GB,"{'subsample': 0.5, 'learning_rate': 0.001, 'random_state': 1, 'n_estimators': 1000, 'max_depth': 3}",0.9,0.001,1,3,1000,0.5,0.92230347755,0.0237514531726,0.518892651476,0.000135282247831,0.0,0.0,0.0,0.0
GB_paramset-24,GB,"{'subsample': 1.0, 'learning_rate': 0.001, 'random_state': 1, 'n_estimators': 1000, 'max_depth': 3}",0.5,0.001,1,3,1000,1.0,0.886752632816,0.0126039832868,0.833515085423,0.0414675111438,0.806954007901,0.0476792956273,0.863839285714,0.0576048566989
GB_paramset-24,GB,"{'subsample': 1.0, 'learning_rate': 0.001, 'random_state': 1, 'n_estimators': 1000, 'max_depth': 3}",0.6,0.001,1,3,1000,1.0,0.886752632816,0.0126039832868,0.805984426716,0.0085498380629,0.811684643041,0.0447078702377,0.785714285714,0.0520939615006
GB_paramset-24,GB,"{'subsample': 1.0, 'learning_rate': 0.001, 'random_state': 1, 'n_estimators': 1000, 'max_depth': 3}",0.7,0.001,1,3,1000,1.0,0.886752632816,0.0126039832868,0.753276320572,0.0728393241093,0.791451668387,0.0485951666733,0.660466269841,0.180649218576
GB_paramset-24,GB,"{'subsample': 1.0, 'learning_rate': 0.001, 'random_state': 1, 'n_estimators': 1000, 'max_depth': 3}",0.8,0.001,1,3,1000,1.0,0.886752632816,0.0126039832868,0.518892651476,0.000135282247831,0.0,0.0,0.0,0.0
GB_paramset-24,GB,"{'subsample': 1.0, 'learning_rate': 0.001, 'random_state': 1, 'n_estimators': 1000, 'max_depth': 3}",0.9,0.001,1,3,1000,1.0,0.886752632816,0.0126039832868,0.518892651476,0.000135282247831,0.0,0.0,0.0,0.0
GB_paramset-25,GB,"{'subsample': 0.1, 'learning_rate': 0.001, 'random_state': 1, 'n_estimators': 1, 'max_depth': 5}",0.5,0.001,1,5,1,0.1,0.861227824463,0.0242467964245,0.518892651476,0.000135282247831,0.0,0.0,0.0,0.0
GB_paramset-25,GB,"{'subsample': 0.1, 'learning_rate': 0.001, 'random_state': 1, 'n_estimators': 1, 'max_depth': 5}",0.6,0.001,1,5,1,0.1,0.861227824463,0.0242467964245,0.518892651476,0.000135282247831,0.0,0.0,0.0,0.0
GB_paramset-25,GB,"{'subsample': 0.1, 'learning_rate': 0.001, 'random_state': 1, 'n_estimators': 1, 'max_depth': 5}",0.7,0.001,1,5,1,0.1,0.861227824463,0.0242467964245,0.518892651476,0.000135282247831,0.0,0.0,0.0,0.0
GB_paramset-25,GB,"{'subsample': 0.1, 'learning_rate': 0.001, 'random_state': 1, 'n_estimators': 1, 'max_depth': 5}",0.8,0.001,1,5,1,0.1,0.861227824463,0.0242467964245,0.518892651476,0.000135282247831,0.0,0.0,0.0,0.0
GB_paramset-25,GB,"{'subsample': 0.1, 'learning_rate': 0.001, 'random_state': 1, 'n_estimators': 1, 'max_depth': 5}",0.9,0.001,1,5,1,0.1,0.861227824463,0.0242467964245,0.518892651476,0.000135282247831,0.0,0.0,0.0,0.0
GB_paramset-26,GB,"{'subsample': 0.5, 'learning_rate': 0.001, 'random_state': 1, 'n_estimators': 1, 'max_depth': 5}",0.5,0.001,1,5,1,0.5,0.877501831046,0.0244615183449,0.518892651476,0.000135282247831,0.0,0.0,0.0,0.0
GB_paramset-26,GB,"{'subsample': 0.5, 'learning_rate': 0.001, 'random_state': 1, 'n_estimators': 1, 'max_depth': 5}",0.6,0.001,1,5,1,0.5,0.877501831046,0.0244615183449,0.518892651476,0.000135282247831,0.0,0.0,0.0,0.0
GB_paramset-26,GB,"{'subsample': 0.5, 'learning_rate': 0.001, 'random_state': 1, 'n_estimators': 1, 'max_depth': 5}",0.7,0.001,1,5,1,0.5,0.877501831046,0.0244615183449,0.518892651476,0.000135282247831,0.0,0.0,0.0,0.0
GB_paramset-26,GB,"{'subsample': 0.5, 'learning_rate': 0.001, 'random_state': 1, 'n_estimators': 1, 'max_depth': 5}",0.8,0.001,1,5,1,0.5,0.877501831046,0.0244615183449,0.518892651476,0.000135282247831,0.0,0.0,0.0,0.0
GB_paramset-26,GB,"{'subsample': 0.5, 'learning_rate': 0.001, 'random_state': 1, 'n_estimators': 1, 'max_depth': 5}",0.9,0.001,1,5,1,0.5,0.877501831046,0.0244615183449,0.518892651476,0.000135282247831,0.0,0.0,0.0,0.0
GB_paramset-27,GB,"{'subsample': 1.0, 'learning_rate': 0.001, 'random_state': 1, 'n_estimators': 1, 'max_depth': 5}",0.5,0.001,1,5,1,1.0,0.851898368043,0.0275493643297,0.518892651476,0.000135282247831,0.0,0.0,0.0,0.0
GB_paramset-27,GB,"{'subsample': 1.0, 'learning_rate': 0.001, 'random_state': 1, 'n_estimators': 1, 'max_depth': 5}",0.6,0.001,1,5,1,1.0,0.851898368043,0.0275493643297,0.518892651476,0.000135282247831,0.0,0.0,0.0,0.0
GB_paramset-27,GB,"{'subsample': 1.0, 'learning_rate': 0.001, 'random_state': 1, 'n_estimators': 1, 'max_depth': 5}",0.7,0.001,1,5,1,1.0,0.851898368043,0.0275493643297,0.518892651476,0.000135282247831,0.0,0.0,0.0,0.0
GB_paramset-27,GB,"{'subsample': 1.0, 'learning_rate': 0.001, 'random_state': 1, 'n_estimators': 1, 'max_depth': 5}",0.8,0.001,1,5,1,1.0,0.851898368043,0.0275493643297,0.518892651476,0.000135282247831,0.0,0.0,0.0,0.0
GB_paramset-27,GB,"{'subsample': 1.0, 'learning_rate': 0.001, 'random_state': 1, 'n_estimators': 1, 'max_depth': 5}",0.9,0.001,1,5,1,1.0,0.851898368043,0.0275493643297,0.518892651476,0.000135282247831,0.0,0.0,0.0,0.0
GB_paramset-28,GB,"{'subsample': 0.1, 'learning_rate': 0.001, 'random_state': 1, 'n_estimators': 10, 'max_depth': 5}",0.5,0.001,1,5,10,0.1,0.926236738657,0.0228661843969,0.518892651476,0.000135282247831,0.0,0.0,0.0,0.0
GB_paramset-28,GB,"{'subsample': 0.1, 'learning_rate': 0.001, 'random_state': 1, 'n_estimators': 10, 'max_depth': 5}",0.6,0.001,1,5,10,0.1,0.926236738657,0.0228661843969,0.518892651476,0.000135282247831,0.0,0.0,0.0,0.0
GB_paramset-28,GB,"{'subsample': 0.1, 'learning_rate': 0.001, 'random_state': 1, 'n_estimators': 10, 'max_depth': 5}",0.7,0.001,1,5,10,0.1,0.926236738657,0.0228661843969,0.518892651476,0.000135282247831,0.0,0.0,0.0,0.0
GB_paramset-28,GB,"{'subsample': 0.1, 'learning_rate': 0.001, 'random_state': 1, 'n_estimators': 10, 'max_depth': 5}",0.8,0.001,1,5,10,0.1,0.926236738657,0.0228661843969,0.518892651476,0.000135282247831,0.0,0.0,0.0,0.0
GB_paramset-28,GB,"{'subsample': 0.1, 'learning_rate': 0.001, 'random_state': 1, 'n_estimators': 10, 'max_depth': 5}",0.9,0.001,1,5,10,0.1,0.926236738657,0.0228661843969,0.518892651476,0.000135282247831,0.0,0.0,0.0,0.0
GB_paramset-29,GB,"{'subsample': 0.5, 'learning_rate': 0.001, 'random_state': 1, 'n_estimators': 10, 'max_depth': 5}",0.5,0.001,1,5,10,0.5,0.915448471055,0.0298174235129,0.518892651476,0.000135282247831,0.0,0.0,0.0,0.0
GB_paramset-29,GB,"{'subsample': 0.5, 'learning_rate': 0.001, 'random_state': 1, 'n_estimators': 10, 'max_depth': 5}",0.6,0.001,1,5,10,0.5,0.915448471055,0.0298174235129,0.518892651476,0.000135282247831,0.0,0.0,0.0,0.0
GB_paramset-29,GB,"{'subsample': 0.5, 'learning_rate': 0.001, 'random_state': 1, 'n_estimators': 10, 'max_depth': 5}",0.7,0.001,1,5,10,0.5,0.915448471055,0.0298174235129,0.518892651476,0.000135282247831,0.0,0.0,0.0,0.0
GB_paramset-29,GB,"{'subsample': 0.5, 'learning_rate': 0.001, 'random_state': 1, 'n_estimators': 10, 'max_depth': 5}",0.8,0.001,1,5,10,0.5,0.915448471055,0.0298174235129,0.518892651476,0.000135282247831,0.0,0.0,0.0,0.0
GB_paramset-29,GB,"{'subsample': 0.5, 'learning_rate': 0.001, 'random_state': 1, 'n_estimators': 10, 'max_depth': 5}",0.9,0.001,1,5,10,0.5,0.915448471055,0.0298174235129,0.518892651476,0.000135282247831,0.0,0.0,0.0,0.0
GB_paramset-30,GB,"{'subsample': 1.0, 'learning_rate': 0.001, 'random_state': 1, 'n_estimators': 10, 'max_depth': 5}",0.5,0.001,1,5,10,1.0,0.868367108317,0.0357561163466,0.518892651476,0.000135282247831,0.0,0.0,0.0,0.0
GB_paramset-30,GB,"{'subsample': 1.0, 'learning_rate': 0.001, 'random_state': 1, 'n_estimators': 10, 'max_depth': 5}",0.6,0.001,1,5,10,1.0,0.868367108317,0.0357561163466,0.518892651476,0.000135282247831,0.0,0.0,0.0,0.0
GB_paramset-30,GB,"{'subsample': 1.0, 'learning_rate': 0.001, 'random_state': 1, 'n_estimators': 10, 'max_depth': 5}",0.7,0.001,1,5,10,1.0,0.868367108317,0.0357561163466,0.518892651476,0.000135282247831,0.0,0.0,0.0,0.0
GB_paramset-30,GB,"{'subsample': 1.0, 'learning_rate': 0.001, 'random_state': 1, 'n_estimators': 10, 'max_depth': 5}",0.8,0.001,1,5,10,1.0,0.868367108317,0.0357561163466,0.518892651476,0.000135282247831,0.0,0.0,0.0,0.0
GB_paramset-30,GB,"{'subsample': 1.0, 'learning_rate': 0.001, 'random_state': 1, 'n_estimators': 10, 'max_depth': 5}",0.9,0.001,1,5,10,1.0,0.868367108317,0.0357561163466,0.518892651476,0.000135282247831,0.0,0.0,0.0,0.0
GB_paramset-31,GB,"{'subsample': 0.1, 'learning_rate': 0.001, 'random_state': 1, 'n_estimators': 100, 'max_depth': 5}",0.5,0.001,1,5,100,0.1,0.94933181606,0.0135891784151,0.871606497159,0.0440815580212,0.892294387105,0.0505858384159,0.837466931217,0.094526120053
GB_paramset-31,GB,"{'subsample': 0.1, 'learning_rate': 0.001, 'random_state': 1, 'n_estimators': 100, 'max_depth': 5}",0.6,0.001,1,5,100,0.1,0.94933181606,0.0135891784151,0.518892651476,0.000135282247831,0.0,0.0,0.0,0.0
GB_paramset-31,GB,"{'subsample': 0.1, 'learning_rate': 0.001, 'random_state': 1, 'n_estimators': 100, 'max_depth': 5}",0.7,0.001,1,5,100,0.1,0.94933181606,0.0135891784151,0.518892651476,0.000135282247831,0.0,0.0,0.0,0.0
GB_paramset-31,GB,"{'subsample': 0.1, 'learning_rate': 0.001, 'random_state': 1, 'n_estimators': 100, 'max_depth': 5}",0.8,0.001,1,5,100,0.1,0.94933181606,0.0135891784151,0.518892651476,0.000135282247831,0.0,0.0,0.0,0.0
GB_paramset-31,GB,"{'subsample': 0.1, 'learning_rate': 0.001, 'random_state': 1, 'n_estimators': 100, 'max_depth': 5}",0.9,0.001,1,5,100,0.1,0.94933181606,0.0135891784151,0.518892651476,0.000135282247831,0.0,0.0,0.0,0.0
GB_paramset-32,GB,"{'subsample': 0.5, 'learning_rate': 0.001, 'random_state': 1, 'n_estimators': 100, 'max_depth': 5}",0.5,0.001,1,5,100,0.5,0.923816099507,0.0260194503716,0.849050106181,0.0259534259128,0.86581920904,0.0241917447074,0.811755952381,0.0327211806954
GB_paramset-32,GB,"{'subsample': 0.5, 'learning_rate': 0.001, 'random_state': 1, 'n_estimators': 100, 'max_depth': 5}",0.6,0.001,1,5,100,0.5,0.923816099507,0.0260194503716,0.518892651476,0.000135282247831,0.0,0.0,0.0,0.0
GB_paramset-32,GB,"{'subsample': 0.5, 'learning_rate': 0.001, 'random_state': 1, 'n_estimators': 100, 'max_depth': 5}",0.7,0.001,1,5,100,0.5,0.923816099507,0.0260194503716,0.518892651476,0.000135282247831,0.0,0.0,0.0,0.0
GB_paramset-32,GB,"{'subsample': 0.5, 'learning_rate': 0.001, 'random_state': 1, 'n_estimators': 100, 'max_depth': 5}",0.8,0.001,1,5,100,0.5,0.923816099507,0.0260194503716,0.518892651476,0.000135282247831,0.0,0.0,0.0,0.0
GB_paramset-32,GB,"{'subsample': 0.5, 'learning_rate': 0.001, 'random_state': 1, 'n_estimators': 100, 'max_depth': 5}",0.9,0.001,1,5,100,0.5,0.923816099507,0.0260194503716,0.518892651476,0.000135282247831,0.0,0.0,0.0,0.0
GB_paramset-33,GB,"{'subsample': 1.0, 'learning_rate': 0.001, 'random_state': 1, 'n_estimators': 100, 'max_depth': 5}",0.5,0.001,1,5,100,1.0,0.886279753447,0.0496534943568,0.849050106181,0.0273670737852,0.817392735201,0.016586003602,0.885251322751,0.0777745861248
GB_paramset-33,GB,"{'subsample': 1.0, 'learning_rate': 0.001, 'random_state': 1, 'n_estimators': 100, 'max_depth': 5}",0.6,0.001,1,5,100,1.0,0.886279753447,0.0496534943568,0.518892651476,0.000135282247831,0.0,0.0,0.0,0.0
GB_paramset-33,GB,"{'subsample': 1.0, 'learning_rate': 0.001, 'random_state': 1, 'n_estimators': 100, 'max_depth': 5}",0.7,0.001,1,5,100,1.0,0.886279753447,0.0496534943568,0.518892651476,0.000135282247831,0.0,0.0,0.0,0.0
GB_paramset-33,GB,"{'subsample': 1.0, 'learning_rate': 0.001, 'random_state': 1, 'n_estimators': 100, 'max_depth': 5}",0.8,0.001,1,5,100,1.0,0.886279753447,0.0496534943568,0.518892651476,0.000135282247831,0.0,0.0,0.0,0.0
GB_paramset-33,GB,"{'subsample': 1.0, 'learning_rate': 0.001, 'random_state': 1, 'n_estimators': 100, 'max_depth': 5}",0.9,0.001,1,5,100,1.0,0.886279753447,0.0496534943568,0.518892651476,0.000135282247831,0.0,0.0,0.0,0.0
GB_paramset-34,GB,"{'subsample': 0.1, 'learning_rate': 0.001, 'random_state': 1, 'n_estimators': 1000, 'max_depth': 5}",0.5,0.001,1,5,1000,0.1,0.952327881636,0.0107648917379,0.879125294151,0.0219539206238,0.862212527902,0.0379617513952,0.895006613757,0.0539320323059
GB_paramset-34,GB,"{'subsample': 0.1, 'learning_rate': 0.001, 'random_state': 1, 'n_estimators': 1000, 'max_depth': 5}",0.6,0.001,1,5,1000,0.1,0.952327881636,0.0107648917379,0.858922114446,0.0400021074401,0.900906357967,0.0571125161121,0.800595238095,0.0978981202583
GB_paramset-34,GB,"{'subsample': 0.1, 'learning_rate': 0.001, 'random_state': 1, 'n_estimators': 1000, 'max_depth': 5}",0.7,0.001,1,5,1000,0.1,0.952327881636,0.0107648917379,0.803363370258,0.0335701092134,0.933982683983,0.0471493959108,0.643353174603,0.105897840579
GB_paramset-34,GB,"{'subsample': 0.1, 'learning_rate': 0.001, 'random_state': 1, 'n_estimators': 1000, 'max_depth': 5}",0.8,0.001,1,5,1000,0.1,0.952327881636,0.0107648917379,0.614819491477,0.0471691700196,1.0,0.0,0.199404761905,0.0978981202583
GB_paramset-34,GB,"{'subsample': 0.1, 'learning_rate': 0.001, 'random_state': 1, 'n_estimators': 1000, 'max_depth': 5}",0.9,0.001,1,5,1000,0.1,0.952327881636,0.0107648917379,0.518892651476,0.000135282247831,0.0,0.0,0.0,0.0
GB_paramset-35,GB,"{'subsample': 0.5, 'learning_rate': 0.001, 'random_state': 1, 'n_estimators': 1000, 'max_depth': 5}",0.5,0.001,1,5,1000,0.5,0.918668131504,0.0281355302669,0.866670493026,0.0303373630509,0.856759098572,0.0329223018429,0.869212962963,0.0528936451494
GB_paramset-35,GB,"{'subsample': 0.5, 'learning_rate': 0.001, 'random_state': 1, 'n_estimators': 1000, 'max_depth': 5}",0.6,0.001,1,5,1000,0.5,0.918668131504,0.0281355302669,0.839063307123,0.0387205302541,0.862624428302,0.0372941488276,0.790922619048,0.0505842950351
GB_paramset-35,GB,"{'subsample': 0.5, 'learning_rate': 0.001, 'random_state': 1, 'n_estimators': 1000, 'max_depth': 5}",0.7,0.001,1,5,1000,0.5,0.918668131504,0.0281355302669,0.791405995906,0.0992652167764,0.85729679803,0.0602383101577,0.665757275132,0.19538093077
GB_paramset-35,GB,"{'subsample': 0.5, 'learning_rate': 0.001, 'random_state': 1, 'n_estimators': 1000, 'max_depth': 5}",0.8,0.001,1,5,1000,0.5,0.918668131504,0.0281355302669,0.6475922631,0.0543529458897,0.877099911583,0.0948087776252,0.30398478836,0.104983556283
GB_paramset-35,GB,"{'subsample': 0.5, 'learning_rate': 0.001, 'random_state': 1, 'n_estimators': 1000, 'max_depth': 5}",0.9,0.001,1,5,1000,0.5,0.918668131504,0.0281355302669,0.518892651476,0.000135282247831,0.0,0.0,0.0,0.0
GB_paramset-36,GB,"{'subsample': 1.0, 'learning_rate': 0.001, 'random_state': 1, 'n_estimators': 1000, 'max_depth': 5}",0.5,0.001,1,5,1000,1.0,0.883529483653,0.0383165402427,0.825996288431,0.0353720938898,0.811532607423,0.0520641976507,0.837797619048,0.0406443460826
GB_paramset-36,GB,"{'subsample': 1.0, 'learning_rate': 0.001, 'random_state': 1, 'n_estimators': 1000, 'max_depth': 5}",0.6,0.001,1,5,1000,1.0,0.883529483653,0.0383165402427,0.808375901586,0.0291464778824,0.807365975251,0.0490749312022,0.795882936508,0.0214300640647
GB_paramset-36,GB,"{'subsample': 1.0, 'learning_rate': 0.001, 'random_state': 1, 'n_estimators': 1000, 'max_depth': 5}",0.7,0.001,1,5,1000,1.0,0.883529483653,0.0383165402427,0.753161529779,0.0124112449385,0.787998781602,0.0433887636744,0.675925925926,0.0731413718732
GB_paramset-36,GB,"{'subsample': 1.0, 'learning_rate': 0.001, 'random_state': 1, 'n_estimators': 1000, 'max_depth': 5}",0.8,0.001,1,5,1000,1.0,0.883529483653,0.0383165402427,0.70774263904,0.00925330575162,0.902450980392,0.0728432032301,0.449818121693,0.0629010283996
GB_paramset-36,GB,"{'subsample': 1.0, 'learning_rate': 0.001, 'random_state': 1, 'n_estimators': 1000, 'max_depth': 5}",0.9,0.001,1,5,1000,1.0,0.883529483653,0.0383165402427,0.518892651476,0.000135282247831,0.0,0.0,0.0,0.0
GB_paramset-37,GB,"{'subsample': 0.1, 'learning_rate': 0.001, 'random_state': 1, 'n_estimators': 1, 'max_depth': 10}",0.5,0.001,1,10,1,0.1,0.861227824463,0.0242467964245,0.518892651476,0.000135282247831,0.0,0.0,0.0,0.0
GB_paramset-37,GB,"{'subsample': 0.1, 'learning_rate': 0.001, 'random_state': 1, 'n_estimators': 1, 'max_depth': 10}",0.6,0.001,1,10,1,0.1,0.861227824463,0.0242467964245,0.518892651476,0.000135282247831,0.0,0.0,0.0,0.0
GB_paramset-37,GB,"{'subsample': 0.1, 'learning_rate': 0.001, 'random_state': 1, 'n_estimators': 1, 'max_depth': 10}",0.7,0.001,1,10,1,0.1,0.861227824463,0.0242467964245,0.518892651476,0.000135282247831,0.0,0.0,0.0,0.0
GB_paramset-37,GB,"{'subsample': 0.1, 'learning_rate': 0.001, 'random_state': 1, 'n_estimators': 1, 'max_depth': 10}",0.8,0.001,1,10,1,0.1,0.861227824463,0.0242467964245,0.518892651476,0.000135282247831,0.0,0.0,0.0,0.0
GB_paramset-37,GB,"{'subsample': 0.1, 'learning_rate': 0.001, 'random_state': 1, 'n_estimators': 1, 'max_depth': 10}",0.9,0.001,1,10,1,0.1,0.861227824463,0.0242467964245,0.518892651476,0.000135282247831,0.0,0.0,0.0,0.0
GB_paramset-38,GB,"{'subsample': 0.5, 'learning_rate': 0.001, 'random_state': 1, 'n_estimators': 1, 'max_depth': 10}",0.5,0.001,1,10,1,0.5,0.870382316574,0.016979914209,0.518892651476,0.000135282247831,0.0,0.0,0.0,0.0
GB_paramset-38,GB,"{'subsample': 0.5, 'learning_rate': 0.001, 'random_state': 1, 'n_estimators': 1, 'max_depth': 10}",0.6,0.001,1,10,1,0.5,0.870382316574,0.016979914209,0.518892651476,0.000135282247831,0.0,0.0,0.0,0.0
GB_paramset-38,GB,"{'subsample': 0.5, 'learning_rate': 0.001, 'random_state': 1, 'n_estimators': 1, 'max_depth': 10}",0.7,0.001,1,10,1,0.5,0.870382316574,0.016979914209,0.518892651476,0.000135282247831,0.0,0.0,0.0,0.0
GB_paramset-38,GB,"{'subsample': 0.5, 'learning_rate': 0.001, 'random_state': 1, 'n_estimators': 1, 'max_depth': 10}",0.8,0.001,1,10,1,0.5,0.870382316574,0.016979914209,0.518892651476,0.000135282247831,0.0,0.0,0.0,0.0
GB_paramset-38,GB,"{'subsample': 0.5, 'learning_rate': 0.001, 'random_state': 1, 'n_estimators': 1, 'max_depth': 10}",0.9,0.001,1,10,1,0.5,0.870382316574,0.016979914209,0.518892651476,0.000135282247831,0.0,0.0,0.0,0.0
GB_paramset-39,GB,"{'subsample': 1.0, 'learning_rate': 0.001, 'random_state': 1, 'n_estimators': 1, 'max_depth': 10}",0.5,0.001,1,10,1,1.0,0.813075320708,0.0211437388974,0.518892651476,0.000135282247831,0.0,0.0,0.0,0.0
GB_paramset-39,GB,"{'subsample': 1.0, 'learning_rate': 0.001, 'random_state': 1, 'n_estimators': 1, 'max_depth': 10}",0.6,0.001,1,10,1,1.0,0.813075320708,0.0211437388974,0.518892651476,0.000135282247831,0.0,0.0,0.0,0.0
GB_paramset-39,GB,"{'subsample': 1.0, 'learning_rate': 0.001, 'random_state': 1, 'n_estimators': 1, 'max_depth': 10}",0.7,0.001,1,10,1,1.0,0.813075320708,0.0211437388974,0.518892651476,0.000135282247831,0.0,0.0,0.0,0.0
GB_paramset-39,GB,"{'subsample': 1.0, 'learning_rate': 0.001, 'random_state': 1, 'n_estimators': 1, 'max_depth': 10}",0.8,0.001,1,10,1,1.0,0.813075320708,0.0211437388974,0.518892651476,0.000135282247831,0.0,0.0,0.0,0.0
GB_paramset-39,GB,"{'subsample': 1.0, 'learning_rate': 0.001, 'random_state': 1, 'n_estimators': 1, 'max_depth': 10}",0.9,0.001,1,10,1,1.0,0.813075320708,0.0211437388974,0.518892651476,0.000135282247831,0.0,0.0,0.0,0.0
GB_paramset-40,GB,"{'subsample': 0.1, 'learning_rate': 0.001, 'random_state': 1, 'n_estimators': 10, 'max_depth': 10}",0.5,0.001,1,10,10,0.1,0.926744822325,0.0236659586596,0.518892651476,0.000135282247831,0.0,0.0,0.0,0.0
GB_paramset-40,GB,"{'subsample': 0.1, 'learning_rate': 0.001, 'random_state': 1, 'n_estimators': 10, 'max_depth': 10}",0.6,0.001,1,10,10,0.1,0.926744822325,0.0236659586596,0.518892651476,0.000135282247831,0.0,0.0,0.0,0.0
GB_paramset-40,GB,"{'subsample': 0.1, 'learning_rate': 0.001, 'random_state': 1, 'n_estimators': 10, 'max_depth': 10}",0.7,0.001,1,10,10,0.1,0.926744822325,0.0236659586596,0.518892651476,0.000135282247831,0.0,0.0,0.0,0.0
GB_paramset-40,GB,"{'subsample': 0.1, 'learning_rate': 0.001, 'random_state': 1, 'n_estimators': 10, 'max_depth': 10}",0.8,0.001,1,10,10,0.1,0.926744822325,0.0236659586596,0.518892651476,0.000135282247831,0.0,0.0,0.0,0.0
GB_paramset-40,GB,"{'subsample': 0.1, 'learning_rate': 0.001, 'random_state': 1, 'n_estimators': 10, 'max_depth': 10}",0.9,0.001,1,10,10,0.1,0.926744822325,0.0236659586596,0.518892651476,0.000135282247831,0.0,0.0,0.0,0.0
GB_paramset-41,GB,"{'subsample': 0.5, 'learning_rate': 0.001, 'random_state': 1, 'n_estimators': 10, 'max_depth': 10}",0.5,0.001,1,10,10,0.5,0.910754458788,0.0266236666437,0.518892651476,0.000135282247831,0.0,0.0,0.0,0.0
GB_paramset-41,GB,"{'subsample': 0.5, 'learning_rate': 0.001, 'random_state': 1, 'n_estimators': 10, 'max_depth': 10}",0.6,0.001,1,10,10,0.5,0.910754458788,0.0266236666437,0.518892651476,0.000135282247831,0.0,0.0,0.0,0.0
GB_paramset-41,GB,"{'subsample': 0.5, 'learning_rate': 0.001, 'random_state': 1, 'n_estimators': 10, 'max_depth': 10}",0.7,0.001,1,10,10,0.5,0.910754458788,0.0266236666437,0.518892651476,0.000135282247831,0.0,0.0,0.0,0.0
GB_paramset-41,GB,"{'subsample': 0.5, 'learning_rate': 0.001, 'random_state': 1, 'n_estimators': 10, 'max_depth': 10}",0.8,0.001,1,10,10,0.5,0.910754458788,0.0266236666437,0.518892651476,0.000135282247831,0.0,0.0,0.0,0.0
GB_paramset-41,GB,"{'subsample': 0.5, 'learning_rate': 0.001, 'random_state': 1, 'n_estimators': 10, 'max_depth': 10}",0.9,0.001,1,10,10,0.5,0.910754458788,0.0266236666437,0.518892651476,0.000135282247831,0.0,0.0,0.0,0.0
GB_paramset-42,GB,"{'subsample': 1.0, 'learning_rate': 0.001, 'random_state': 1, 'n_estimators': 10, 'max_depth': 10}",0.5,0.001,1,10,10,1.0,0.843839755105,0.0391433194843,0.518892651476,0.000135282247831,0.0,0.0,0.0,0.0
GB_paramset-42,GB,"{'subsample': 1.0, 'learning_rate': 0.001, 'random_state': 1, 'n_estimators': 10, 'max_depth': 10}",0.6,0.001,1,10,10,1.0,0.843839755105,0.0391433194843,0.518892651476,0.000135282247831,0.0,0.0,0.0,0.0
GB_paramset-42,GB,"{'subsample': 1.0, 'learning_rate': 0.001, 'random_state': 1, 'n_estimators': 10, 'max_depth': 10}",0.7,0.001,1,10,10,1.0,0.843839755105,0.0391433194843,0.518892651476,0.000135282247831,0.0,0.0,0.0,0.0
GB_paramset-42,GB,"{'subsample': 1.0, 'learning_rate': 0.001, 'random_state': 1, 'n_estimators': 10, 'max_depth': 10}",0.8,0.001,1,10,10,1.0,0.843839755105,0.0391433194843,0.518892651476,0.000135282247831,0.0,0.0,0.0,0.0
GB_paramset-42,GB,"{'subsample': 1.0, 'learning_rate': 0.001, 'random_state': 1, 'n_estimators': 10, 'max_depth': 10}",0.9,0.001,1,10,10,1.0,0.843839755105,0.0391433194843,0.518892651476,0.000135282247831,0.0,0.0,0.0,0.0
GB_paramset-43,GB,"{'subsample': 0.1, 'learning_rate': 0.001, 'random_state': 1, 'n_estimators': 100, 'max_depth': 10}",0.5,0.001,1,10,100,0.1,0.948446951244,0.0157971379138,0.866593965831,0.045004099582,0.883411926515,0.0569139491202,0.837466931217,0.094526120053
GB_paramset-43,GB,"{'subsample': 0.1, 'learning_rate': 0.001, 'random_state': 1, 'n_estimators': 100, 'max_depth': 10}",0.6,0.001,1,10,100,0.1,0.948446951244,0.0157971379138,0.518892651476,0.000135282247831,0.0,0.0,0.0,0.0
GB_paramset-43,GB,"{'subsample': 0.1, 'learning_rate': 0.001, 'random_state': 1, 'n_estimators': 100, 'max_depth': 10}",0.7,0.001,1,10,100,0.1,0.948446951244,0.0157971379138,0.518892651476,0.000135282247831,0.0,0.0,0.0,0.0
GB_paramset-43,GB,"{'subsample': 0.1, 'learning_rate': 0.001, 'random_state': 1, 'n_estimators': 100, 'max_depth': 10}",0.8,0.001,1,10,100,0.1,0.948446951244,0.0157971379138,0.518892651476,0.000135282247831,0.0,0.0,0.0,0.0
GB_paramset-43,GB,"{'subsample': 0.1, 'learning_rate': 0.001, 'random_state': 1, 'n_estimators': 100, 'max_depth': 10}",0.9,0.001,1,10,100,0.1,0.948446951244,0.0157971379138,0.518892651476,0.000135282247831,0.0,0.0,0.0,0.0
GB_paramset-44,GB,"{'subsample': 0.5, 'learning_rate': 0.001, 'random_state': 1, 'n_estimators': 100, 'max_depth': 10}",0.5,0.001,1,10,100,0.5,0.920287529263,0.0272517094526,0.849050106181,0.0259534259128,0.86581920904,0.0241917447074,0.811755952381,0.0327211806954
GB_paramset-44,GB,"{'subsample': 0.5, 'learning_rate': 0.001, 'random_state': 1, 'n_estimators': 100, 'max_depth': 10}",0.6,0.001,1,10,100,0.5,0.920287529263,0.0272517094526,0.518892651476,0.000135282247831,0.0,0.0,0.0,0.0
GB_paramset-44,GB,"{'subsample': 0.5, 'learning_rate': 0.001, 'random_state': 1, 'n_estimators': 100, 'max_depth': 10}",0.7,0.001,1,10,100,0.5,0.920287529263,0.0272517094526,0.518892651476,0.000135282247831,0.0,0.0,0.0,0.0
GB_paramset-44,GB,"{'subsample': 0.5, 'learning_rate': 0.001, 'random_state': 1, 'n_estimators': 100, 'max_depth': 10}",0.8,0.001,1,10,100,0.5,0.920287529263,0.0272517094526,0.518892651476,0.000135282247831,0.0,0.0,0.0,0.0
GB_paramset-44,GB,"{'subsample': 0.5, 'learning_rate': 0.001, 'random_state': 1, 'n_estimators': 100, 'max_depth': 10}",0.9,0.001,1,10,100,0.5,0.920287529263,0.0272517094526,0.518892651476,0.000135282247831,0.0,0.0,0.0,0.0
GB_paramset-45,GB,"{'subsample': 1.0, 'learning_rate': 0.001, 'random_state': 1, 'n_estimators': 100, 'max_depth': 10}",0.5,0.001,1,10,100,1.0,0.842098992375,0.0401598836917,0.839025043525,0.033003112929,0.813515694872,0.0198200183642,0.864417989418,0.0827997524176
GB_paramset-45,GB,"{'subsample': 1.0, 'learning_rate': 0.001, 'random_state': 1, 'n_estimators': 100, 'max_depth': 10}",0.6,0.001,1,10,100,1.0,0.842098992375,0.0401598836917,0.518892651476,0.000135282247831,0.0,0.0,0.0,0.0
GB_paramset-45,GB,"{'subsample': 1.0, 'learning_rate': 0.001, 'random_state': 1, 'n_estimators': 100, 'max_depth': 10}",0.7,0.001,1,10,100,1.0,0.842098992375,0.0401598836917,0.518892651476,0.000135282247831,0.0,0.0,0.0,0.0
GB_paramset-45,GB,"{'subsample': 1.0, 'learning_rate': 0.001, 'random_state': 1, 'n_estimators': 100, 'max_depth': 10}",0.8,0.001,1,10,100,1.0,0.842098992375,0.0401598836917,0.518892651476,0.000135282247831,0.0,0.0,0.0,0.0
GB_paramset-45,GB,"{'subsample': 1.0, 'learning_rate': 0.001, 'random_state': 1, 'n_estimators': 100, 'max_depth': 10}",0.9,0.001,1,10,100,1.0,0.842098992375,0.0401598836917,0.518892651476,0.000135282247831,0.0,0.0,0.0,0.0
GB_paramset-46,GB,"{'subsample': 0.1, 'learning_rate': 0.001, 'random_state': 1, 'n_estimators': 1000, 'max_depth': 10}",0.5,0.001,1,10,1000,0.1,0.95218621869,0.0108688327507,0.881593296218,0.0216480849339,0.861834384126,0.0294873628745,0.90021494709,0.0524834769641
GB_paramset-46,GB,"{'subsample': 0.1, 'learning_rate': 0.001, 'random_state': 1, 'n_estimators': 1000, 'max_depth': 10}",0.6,0.001,1,10,1000,0.1,0.95218621869,0.0108688327507,0.858922114446,0.0400021074401,0.897040761773,0.061207252357,0.805803571429,0.0954529291964
GB_paramset-46,GB,"{'subsample': 0.1, 'learning_rate': 0.001, 'random_state': 1, 'n_estimators': 1000, 'max_depth': 10}",0.7,0.001,1,10,1000,0.1,0.95218621869,0.0108688327507,0.803363370258,0.0335701092134,0.933982683983,0.0471493959108,0.643353174603,0.105897840579
GB_paramset-46,GB,"{'subsample': 0.1, 'learning_rate': 0.001, 'random_state': 1, 'n_estimators': 1000, 'max_depth': 10}",0.8,0.001,1,10,1000,0.1,0.95218621869,0.0108688327507,0.619755495609,0.0342432052447,1.0,0.0,0.209656084656,0.0710689425223
GB_paramset-46,GB,"{'subsample': 0.1, 'learning_rate': 0.001, 'random_state': 1, 'n_estimators': 1000, 'max_depth': 10}",0.9,0.001,1,10,1000,0.1,0.95218621869,0.0108688327507,0.518892651476,0.000135282247831,0.0,0.0,0.0,0.0
GB_paramset-47,GB,"{'subsample': 0.5, 'learning_rate': 0.001, 'random_state': 1, 'n_estimators': 1000, 'max_depth': 10}",0.5,0.001,1,10,1000,0.5,0.917375615705,0.0285472600523,0.856568903174,0.0238567933078,0.845717510097,0.0211027859412,0.858796296296,0.0437907046583
GB_paramset-47,GB,"{'subsample': 0.5, 'learning_rate': 0.001, 'random_state': 1, 'n_estimators': 1000, 'max_depth': 10}",0.6,0.001,1,10,1000,0.5,0.917375615705,0.0285472600523,0.839063307123,0.0387205302541,0.862624428302,0.0372941488276,0.790922619048,0.0505842950351
GB_paramset-47,GB,"{'subsample': 0.5, 'learning_rate': 0.001, 'random_state': 1, 'n_estimators': 1000, 'max_depth': 10}",0.7,0.001,1,10,1000,0.5,0.917375615705,0.0285472600523,0.791444259504,0.100768233078,0.856907894737,0.0606862742447,0.66583994709,0.197041426827
GB_paramset-47,GB,"{'subsample': 0.5, 'learning_rate': 0.001, 'random_state': 1, 'n_estimators': 1000, 'max_depth': 10}",0.8,0.001,1,10,1000,0.5,0.917375615705,0.0285472600523,0.650213319558,0.0602028073209,0.840404040404,0.115027400772,0.330274470899,0.11203627327
GB_paramset-47,GB,"{'subsample': 0.5, 'learning_rate': 0.001, 'random_state': 1, 'n_estimators': 1000, 'max_depth': 10}",0.9,0.001,1,10,1000,0.5,0.917375615705,0.0285472600523,0.518892651476,0.000135282247831,0.0,0.0,0.0,0.0
GB_paramset-48,GB,"{'subsample': 1.0, 'learning_rate': 0.001, 'random_state': 1, 'n_estimators': 1000, 'max_depth': 10}",0.5,0.001,1,10,1000,1.0,0.870518376433,0.0372139765597,0.838986779927,0.0274893527592,0.810793650794,0.0195231642686,0.869626322751,0.0766874098719
GB_paramset-48,GB,"{'subsample': 1.0, 'learning_rate': 0.001, 'random_state': 1, 'n_estimators': 1000, 'max_depth': 10}",0.6,0.001,1,10,1000,1.0,0.870518376433,0.0372139765597,0.839025043525,0.033003112929,0.813515694872,0.0198200183642,0.864417989418,0.0827997524176
GB_paramset-48,GB,"{'subsample': 1.0, 'learning_rate': 0.001, 'random_state': 1, 'n_estimators': 1000, 'max_depth': 10}",0.7,0.001,1,10,1000,1.0,0.870518376433,0.0372139765597,0.821442920278,0.0427450717135,0.808873277061,0.0247717927326,0.822668650794,0.0919419963657
GB_paramset-48,GB,"{'subsample': 1.0, 'learning_rate': 0.001, 'random_state': 1, 'n_estimators': 1000, 'max_depth': 10}",0.8,0.001,1,10,1000,1.0,0.870518376433,0.0372139765597,0.793873997972,0.0621790648041,0.800153060898,0.019707837449,0.760168650794,0.152958448753
GB_paramset-48,GB,"{'subsample': 1.0, 'learning_rate': 0.001, 'random_state': 1, 'n_estimators': 1000, 'max_depth': 10}",0.9,0.001,1,10,1000,1.0,0.870518376433,0.0372139765597,0.518892651476,0.000135282247831,0.0,0.0,0.0,0.0
GB_paramset-49,GB,"{'subsample': 0.1, 'learning_rate': 0.001, 'random_state': 1, 'n_estimators': 1, 'max_depth': 20}",0.5,0.001,1,20,1,0.1,0.861227824463,0.0242467964245,0.518892651476,0.000135282247831,0.0,0.0,0.0,0.0
GB_paramset-49,GB,"{'subsample': 0.1, 'learning_rate': 0.001, 'random_state': 1, 'n_estimators': 1, 'max_depth': 20}",0.6,0.001,1,20,1,0.1,0.861227824463,0.0242467964245,0.518892651476,0.000135282247831,0.0,0.0,0.0,0.0
GB_paramset-49,GB,"{'subsample': 0.1, 'learning_rate': 0.001, 'random_state': 1, 'n_estimators': 1, 'max_depth': 20}",0.7,0.001,1,20,1,0.1,0.861227824463,0.0242467964245,0.518892651476,0.000135282247831,0.0,0.0,0.0,0.0
GB_paramset-49,GB,"{'subsample': 0.1, 'learning_rate': 0.001, 'random_state': 1, 'n_estimators': 1, 'max_depth': 20}",0.8,0.001,1,20,1,0.1,0.861227824463,0.0242467964245,0.518892651476,0.000135282247831,0.0,0.0,0.0,0.0
GB_paramset-49,GB,"{'subsample': 0.1, 'learning_rate': 0.001, 'random_state': 1, 'n_estimators': 1, 'max_depth': 20}",0.9,0.001,1,20,1,0.1,0.861227824463,0.0242467964245,0.518892651476,0.000135282247831,0.0,0.0,0.0,0.0
GB_paramset-50,GB,"{'subsample': 0.5, 'learning_rate': 0.001, 'random_state': 1, 'n_estimators': 1, 'max_depth': 20}",0.5,0.001,1,20,1,0.5,0.870382316574,0.016979914209,0.518892651476,0.000135282247831,0.0,0.0,0.0,0.0
GB_paramset-50,GB,"{'subsample': 0.5, 'learning_rate': 0.001, 'random_state': 1, 'n_estimators': 1, 'max_depth': 20}",0.6,0.001,1,20,1,0.5,0.870382316574,0.016979914209,0.518892651476,0.000135282247831,0.0,0.0,0.0,0.0
GB_paramset-50,GB,"{'subsample': 0.5, 'learning_rate': 0.001, 'random_state': 1, 'n_estimators': 1, 'max_depth': 20}",0.7,0.001,1,20,1,0.5,0.870382316574,0.016979914209,0.518892651476,0.000135282247831,0.0,0.0,0.0,0.0
GB_paramset-50,GB,"{'subsample': 0.5, 'learning_rate': 0.001, 'random_state': 1, 'n_estimators': 1, 'max_depth': 20}",0.8,0.001,1,20,1,0.5,0.870382316574,0.016979914209,0.518892651476,0.000135282247831,0.0,0.0,0.0,0.0
GB_paramset-50,GB,"{'subsample': 0.5, 'learning_rate': 0.001, 'random_state': 1, 'n_estimators': 1, 'max_depth': 20}",0.9,0.001,1,20,1,0.5,0.870382316574,0.016979914209,0.518892651476,0.000135282247831,0.0,0.0,0.0,0.0
GB_paramset-51,GB,"{'subsample': 1.0, 'learning_rate': 0.001, 'random_state': 1, 'n_estimators': 1, 'max_depth': 20}",0.5,0.001,1,20,1,1.0,0.813075320708,0.0211437388974,0.518892651476,0.000135282247831,0.0,0.0,0.0,0.0
GB_paramset-51,GB,"{'subsample': 1.0, 'learning_rate': 0.001, 'random_state': 1, 'n_estimators': 1, 'max_depth': 20}",0.6,0.001,1,20,1,1.0,0.813075320708,0.0211437388974,0.518892651476,0.000135282247831,0.0,0.0,0.0,0.0
GB_paramset-51,GB,"{'subsample': 1.0, 'learning_rate': 0.001, 'random_state': 1, 'n_estimators': 1, 'max_depth': 20}",0.7,0.001,1,20,1,1.0,0.813075320708,0.0211437388974,0.518892651476,0.000135282247831,0.0,0.0,0.0,0.0
GB_paramset-51,GB,"{'subsample': 1.0, 'learning_rate': 0.001, 'random_state': 1, 'n_estimators': 1, 'max_depth': 20}",0.8,0.001,1,20,1,1.0,0.813075320708,0.0211437388974,0.518892651476,0.000135282247831,0.0,0.0,0.0,0.0
GB_paramset-51,GB,"{'subsample': 1.0, 'learning_rate': 0.001, 'random_state': 1, 'n_estimators': 1, 'max_depth': 20}",0.9,0.001,1,20,1,1.0,0.813075320708,0.0211437388974,0.518892651476,0.000135282247831,0.0,0.0,0.0,0.0
GB_paramset-52,GB,"{'subsample': 0.1, 'learning_rate': 0.001, 'random_state': 1, 'n_estimators': 10, 'max_depth': 20}",0.5,0.001,1,20,10,0.1,0.926744822325,0.0236659586596,0.518892651476,0.000135282247831,0.0,0.0,0.0,0.0
GB_paramset-52,GB,"{'subsample': 0.1, 'learning_rate': 0.001, 'random_state': 1, 'n_estimators': 10, 'max_depth': 20}",0.6,0.001,1,20,10,0.1,0.926744822325,0.0236659586596,0.518892651476,0.000135282247831,0.0,0.0,0.0,0.0
GB_paramset-52,GB,"{'subsample': 0.1, 'learning_rate': 0.001, 'random_state': 1, 'n_estimators': 10, 'max_depth': 20}",0.7,0.001,1,20,10,0.1,0.926744822325,0.0236659586596,0.518892651476,0.000135282247831,0.0,0.0,0.0,0.0
GB_paramset-52,GB,"{'subsample': 0.1, 'learning_rate': 0.001, 'random_state': 1, 'n_estimators': 10, 'max_depth': 20}",0.8,0.001,1,20,10,0.1,0.926744822325,0.0236659586596,0.518892651476,0.000135282247831,0.0,0.0,0.0,0.0
GB_paramset-52,GB,"{'subsample': 0.1, 'learning_rate': 0.001, 'random_state': 1, 'n_estimators': 10, 'max_depth': 20}",0.9,0.001,1,20,10,0.1,0.926744822325,0.0236659586596,0.518892651476,0.000135282247831,0.0,0.0,0.0,0.0
GB_paramset-53,GB,"{'subsample': 0.5, 'learning_rate': 0.001, 'random_state': 1, 'n_estimators': 10, 'max_depth': 20}",0.5,0.001,1,20,10,0.5,0.911131874247,0.0263972725505,0.518892651476,0.000135282247831,0.0,0.0,0.0,0.0
GB_paramset-53,GB,"{'subsample': 0.5, 'learning_rate': 0.001, 'random_state': 1, 'n_estimators': 10, 'max_depth': 20}",0.6,0.001,1,20,10,0.5,0.911131874247,0.0263972725505,0.518892651476,0.000135282247831,0.0,0.0,0.0,0.0
GB_paramset-53,GB,"{'subsample': 0.5, 'learning_rate': 0.001, 'random_state': 1, 'n_estimators': 10, 'max_depth': 20}",0.7,0.001,1,20,10,0.5,0.911131874247,0.0263972725505,0.518892651476,0.000135282247831,0.0,0.0,0.0,0.0
GB_paramset-53,GB,"{'subsample': 0.5, 'learning_rate': 0.001, 'random_state': 1, 'n_estimators': 10, 'max_depth': 20}",0.8,0.001,1,20,10,0.5,0.911131874247,0.0263972725505,0.518892651476,0.000135282247831,0.0,0.0,0.0,0.0
GB_paramset-53,GB,"{'subsample': 0.5, 'learning_rate': 0.001, 'random_state': 1, 'n_estimators': 10, 'max_depth': 20}",0.9,0.001,1,20,10,0.5,0.911131874247,0.0263972725505,0.518892651476,0.000135282247831,0.0,0.0,0.0,0.0
GB_paramset-54,GB,"{'subsample': 1.0, 'learning_rate': 0.001, 'random_state': 1, 'n_estimators': 10, 'max_depth': 20}",0.5,0.001,1,20,10,1.0,0.843839755105,0.0391433194843,0.518892651476,0.000135282247831,0.0,0.0,0.0,0.0
GB_paramset-54,GB,"{'subsample': 1.0, 'learning_rate': 0.001, 'random_state': 1, 'n_estimators': 10, 'max_depth': 20}",0.6,0.001,1,20,10,1.0,0.843839755105,0.0391433194843,0.518892651476,0.000135282247831,0.0,0.0,0.0,0.0
GB_paramset-54,GB,"{'subsample': 1.0, 'learning_rate': 0.001, 'random_state': 1, 'n_estimators': 10, 'max_depth': 20}",0.7,0.001,1,20,10,1.0,0.843839755105,0.0391433194843,0.518892651476,0.000135282247831,0.0,0.0,0.0,0.0
GB_paramset-54,GB,"{'subsample': 1.0, 'learning_rate': 0.001, 'random_state': 1, 'n_estimators': 10, 'max_depth': 20}",0.8,0.001,1,20,10,1.0,0.843839755105,0.0391433194843,0.518892651476,0.000135282247831,0.0,0.0,0.0,0.0
GB_paramset-54,GB,"{'subsample': 1.0, 'learning_rate': 0.001, 'random_state': 1, 'n_estimators': 10, 'max_depth': 20}",0.9,0.001,1,20,10,1.0,0.843839755105,0.0391433194843,0.518892651476,0.000135282247831,0.0,0.0,0.0,0.0
GB_paramset-55,GB,"{'subsample': 0.1, 'learning_rate': 0.001, 'random_state': 1, 'n_estimators': 100, 'max_depth': 20}",0.5,0.001,1,20,100,0.1,0.948291333442,0.0155860449193,0.866593965831,0.045004099582,0.883411926515,0.0569139491202,0.837466931217,0.094526120053
GB_paramset-55,GB,"{'subsample': 0.1, 'learning_rate': 0.001, 'random_state': 1, 'n_estimators': 100, 'max_depth': 20}",0.6,0.001,1,20,100,0.1,0.948291333442,0.0155860449193,0.518892651476,0.000135282247831,0.0,0.0,0.0,0.0
GB_paramset-55,GB,"{'subsample': 0.1, 'learning_rate': 0.001, 'random_state': 1, 'n_estimators': 100, 'max_depth': 20}",0.7,0.001,1,20,100,0.1,0.948291333442,0.0155860449193,0.518892651476,0.000135282247831,0.0,0.0,0.0,0.0
GB_paramset-55,GB,"{'subsample': 0.1, 'learning_rate': 0.001, 'random_state': 1, 'n_estimators': 100, 'max_depth': 20}",0.8,0.001,1,20,100,0.1,0.948291333442,0.0155860449193,0.518892651476,0.000135282247831,0.0,0.0,0.0,0.0
GB_paramset-55,GB,"{'subsample': 0.1, 'learning_rate': 0.001, 'random_state': 1, 'n_estimators': 100, 'max_depth': 20}",0.9,0.001,1,20,100,0.1,0.948291333442,0.0155860449193,0.518892651476,0.000135282247831,0.0,0.0,0.0,0.0
GB_paramset-56,GB,"{'subsample': 0.5, 'learning_rate': 0.001, 'random_state': 1, 'n_estimators': 100, 'max_depth': 20}",0.5,0.001,1,20,100,0.5,0.918598991529,0.027337822475,0.844037574853,0.0294759250008,0.864095071109,0.0254113126753,0.801339285714,0.0399713571981
GB_paramset-56,GB,"{'subsample': 0.5, 'learning_rate': 0.001, 'random_state': 1, 'n_estimators': 100, 'max_depth': 20}",0.6,0.001,1,20,100,0.5,0.918598991529,0.027337822475,0.518892651476,0.000135282247831,0.0,0.0,0.0,0.0
GB_paramset-56,GB,"{'subsample': 0.5, 'learning_rate': 0.001, 'random_state': 1, 'n_estimators': 100, 'max_depth': 20}",0.7,0.001,1,20,100,0.5,0.918598991529,0.027337822475,0.518892651476,0.000135282247831,0.0,0.0,0.0,0.0
GB_paramset-56,GB,"{'subsample': 0.5, 'learning_rate': 0.001, 'random_state': 1, 'n_estimators': 100, 'max_depth': 20}",0.8,0.001,1,20,100,0.5,0.918598991529,0.027337822475,0.518892651476,0.000135282247831,0.0,0.0,0.0,0.0
GB_paramset-56,GB,"{'subsample': 0.5, 'learning_rate': 0.001, 'random_state': 1, 'n_estimators': 100, 'max_depth': 20}",0.9,0.001,1,20,100,0.5,0.918598991529,0.027337822475,0.518892651476,0.000135282247831,0.0,0.0,0.0,0.0
GB_paramset-57,GB,"{'subsample': 1.0, 'learning_rate': 0.001, 'random_state': 1, 'n_estimators': 100, 'max_depth': 20}",0.5,0.001,1,20,100,1.0,0.842098992375,0.0401598836917,0.839025043525,0.033003112929,0.813515694872,0.0198200183642,0.864417989418,0.0827997524176
GB_paramset-57,GB,"{'subsample': 1.0, 'learning_rate': 0.001, 'random_state': 1, 'n_estimators': 100, 'max_depth': 20}",0.6,0.001,1,20,100,1.0,0.842098992375,0.0401598836917,0.518892651476,0.000135282247831,0.0,0.0,0.0,0.0
GB_paramset-57,GB,"{'subsample': 1.0, 'learning_rate': 0.001, 'random_state': 1, 'n_estimators': 100, 'max_depth': 20}",0.7,0.001,1,20,100,1.0,0.842098992375,0.0401598836917,0.518892651476,0.000135282247831,0.0,0.0,0.0,0.0
GB_paramset-57,GB,"{'subsample': 1.0, 'learning_rate': 0.001, 'random_state': 1, 'n_estimators': 100, 'max_depth': 20}",0.8,0.001,1,20,100,1.0,0.842098992375,0.0401598836917,0.518892651476,0.000135282247831,0.0,0.0,0.0,0.0
GB_paramset-57,GB,"{'subsample': 1.0, 'learning_rate': 0.001, 'random_state': 1, 'n_estimators': 100, 'max_depth': 20}",0.9,0.001,1,20,100,1.0,0.842098992375,0.0401598836917,0.518892651476,0.000135282247831,0.0,0.0,0.0,0.0
GB_paramset-58,GB,"{'subsample': 0.1, 'learning_rate': 0.001, 'random_state': 1, 'n_estimators': 1000, 'max_depth': 20}",0.5,0.001,1,20,1000,0.1,0.951568399099,0.0105945975487,0.881631559816,0.0186188481454,0.863065042821,0.037102456322,0.90021494709,0.0524834769641
GB_paramset-58,GB,"{'subsample': 0.1, 'learning_rate': 0.001, 'random_state': 1, 'n_estimators': 1000, 'max_depth': 20}",0.6,0.001,1,20,1000,0.1,0.951568399099,0.0105945975487,0.864011172971,0.0401454532334,0.89734269414,0.0616080840979,0.816385582011,0.0860135670847
GB_paramset-58,GB,"{'subsample': 0.1, 'learning_rate': 0.001, 'random_state': 1, 'n_estimators': 1000, 'max_depth': 20}",0.7,0.001,1,20,1000,0.1,0.951568399099,0.0105945975487,0.803363370258,0.0335701092134,0.933982683983,0.0471493959108,0.643353174603,0.105897840579
GB_paramset-58,GB,"{'subsample': 0.1, 'learning_rate': 0.001, 'random_state': 1, 'n_estimators': 1000, 'max_depth': 20}",0.8,0.001,1,20,1000,0.1,0.951568399099,0.0105945975487,0.624806290535,0.0193382459878,1.0,0.0,0.22015542328,0.0400069070503
GB_paramset-58,GB,"{'subsample': 0.1, 'learning_rate': 0.001, 'random_state': 1, 'n_estimators': 1000, 'max_depth': 20}",0.9,0.001,1,20,1000,0.1,0.951568399099,0.0105945975487,0.518892651476,0.000135282247831,0.0,0.0,0.0,0.0
GB_paramset-59,GB,"{'subsample': 0.5, 'learning_rate': 0.001, 'random_state': 1, 'n_estimators': 1000, 'max_depth': 20}",0.5,0.001,1,20,1000,0.5,0.917887716681,0.0269236233683,0.859075168838,0.0241782192136,0.846545667447,0.0203515328469,0.86400462963,0.0479940442514
GB_paramset-59,GB,"{'subsample': 0.5, 'learning_rate': 0.001, 'random_state': 1, 'n_estimators': 1000, 'max_depth': 20}",0.6,0.001,1,20,1000,0.5,0.917887716681,0.0269236233683,0.841569572787,0.0365875534965,0.863564277926,0.0367253374146,0.796130952381,0.0449887394578
GB_paramset-59,GB,"{'subsample': 0.5, 'learning_rate': 0.001, 'random_state': 1, 'n_estimators': 1000, 'max_depth': 20}",0.7,0.001,1,20,1000,0.5,0.917887716681,0.0269236233683,0.793950525168,0.101712157532,0.857714508974,0.0607334122369,0.671048280423,0.199797409875
GB_paramset-59,GB,"{'subsample': 0.5, 'learning_rate': 0.001, 'random_state': 1, 'n_estimators': 1000, 'max_depth': 20}",0.8,0.001,1,20,1000,0.5,0.917887716681,0.0269236233683,0.650213319558,0.0602028073209,0.840404040404,0.115027400772,0.330274470899,0.11203627327
GB_paramset-59,GB,"{'subsample': 0.5, 'learning_rate': 0.001, 'random_state': 1, 'n_estimators': 1000, 'max_depth': 20}",0.9,0.001,1,20,1000,0.5,0.917887716681,0.0269236233683,0.518892651476,0.000135282247831,0.0,0.0,0.0,0.0
GB_paramset-60,GB,"{'subsample': 1.0, 'learning_rate': 0.001, 'random_state': 1, 'n_estimators': 1000, 'max_depth': 20}",0.5,0.001,1,20,1000,1.0,0.870518376433,0.0372139765597,0.838986779927,0.0274893527592,0.810793650794,0.0195231642686,0.869626322751,0.0766874098719
GB_paramset-60,GB,"{'subsample': 1.0, 'learning_rate': 0.001, 'random_state': 1, 'n_estimators': 1000, 'max_depth': 20}",0.6,0.001,1,20,1000,1.0,0.870518376433,0.0372139765597,0.839025043525,0.033003112929,0.813515694872,0.0198200183642,0.864417989418,0.0827997524176
GB_paramset-60,GB,"{'subsample': 1.0, 'learning_rate': 0.001, 'random_state': 1, 'n_estimators': 1000, 'max_depth': 20}",0.7,0.001,1,20,1000,1.0,0.870518376433,0.0372139765597,0.821442920278,0.0427450717135,0.808873277061,0.0247717927326,0.822668650794,0.0919419963657
GB_paramset-60,GB,"{'subsample': 1.0, 'learning_rate': 0.001, 'random_state': 1, 'n_estimators': 1000, 'max_depth': 20}",0.8,0.001,1,20,1000,1.0,0.870518376433,0.0372139765597,0.793873997972,0.0621790648041,0.800153060898,0.019707837449,0.760168650794,0.152958448753
GB_paramset-60,GB,"{'subsample': 1.0, 'learning_rate': 0.001, 'random_state': 1, 'n_estimators': 1000, 'max_depth': 20}",0.9,0.001,1,20,1000,1.0,0.870518376433,0.0372139765597,0.518892651476,0.000135282247831,0.0,0.0,0.0,0.0
GB_paramset-61,GB,"{'subsample': 0.1, 'learning_rate': 0.001, 'random_state': 1, 'n_estimators': 1, 'max_depth': 50}",0.5,0.001,1,50,1,0.1,0.861227824463,0.0242467964245,0.518892651476,0.000135282247831,0.0,0.0,0.0,0.0
GB_paramset-61,GB,"{'subsample': 0.1, 'learning_rate': 0.001, 'random_state': 1, 'n_estimators': 1, 'max_depth': 50}",0.6,0.001,1,50,1,0.1,0.861227824463,0.0242467964245,0.518892651476,0.000135282247831,0.0,0.0,0.0,0.0
GB_paramset-61,GB,"{'subsample': 0.1, 'learning_rate': 0.001, 'random_state': 1, 'n_estimators': 1, 'max_depth': 50}",0.7,0.001,1,50,1,0.1,0.861227824463,0.0242467964245,0.518892651476,0.000135282247831,0.0,0.0,0.0,0.0
GB_paramset-61,GB,"{'subsample': 0.1, 'learning_rate': 0.001, 'random_state': 1, 'n_estimators': 1, 'max_depth': 50}",0.8,0.001,1,50,1,0.1,0.861227824463,0.0242467964245,0.518892651476,0.000135282247831,0.0,0.0,0.0,0.0
GB_paramset-61,GB,"{'subsample': 0.1, 'learning_rate': 0.001, 'random_state': 1, 'n_estimators': 1, 'max_depth': 50}",0.9,0.001,1,50,1,0.1,0.861227824463,0.0242467964245,0.518892651476,0.000135282247831,0.0,0.0,0.0,0.0
GB_paramset-62,GB,"{'subsample': 0.5, 'learning_rate': 0.001, 'random_state': 1, 'n_estimators': 1, 'max_depth': 50}",0.5,0.001,1,50,1,0.5,0.870382316574,0.016979914209,0.518892651476,0.000135282247831,0.0,0.0,0.0,0.0
GB_paramset-62,GB,"{'subsample': 0.5, 'learning_rate': 0.001, 'random_state': 1, 'n_estimators': 1, 'max_depth': 50}",0.6,0.001,1,50,1,0.5,0.870382316574,0.016979914209,0.518892651476,0.000135282247831,0.0,0.0,0.0,0.0
GB_paramset-62,GB,"{'subsample': 0.5, 'learning_rate': 0.001, 'random_state': 1, 'n_estimators': 1, 'max_depth': 50}",0.7,0.001,1,50,1,0.5,0.870382316574,0.016979914209,0.518892651476,0.000135282247831,0.0,0.0,0.0,0.0
GB_paramset-62,GB,"{'subsample': 0.5, 'learning_rate': 0.001, 'random_state': 1, 'n_estimators': 1, 'max_depth': 50}",0.8,0.001,1,50,1,0.5,0.870382316574,0.016979914209,0.518892651476,0.000135282247831,0.0,0.0,0.0,0.0
GB_paramset-62,GB,"{'subsample': 0.5, 'learning_rate': 0.001, 'random_state': 1, 'n_estimators': 1, 'max_depth': 50}",0.9,0.001,1,50,1,0.5,0.870382316574,0.016979914209,0.518892651476,0.000135282247831,0.0,0.0,0.0,0.0
GB_paramset-63,GB,"{'subsample': 1.0, 'learning_rate': 0.001, 'random_state': 1, 'n_estimators': 1, 'max_depth': 50}",0.5,0.001,1,50,1,1.0,0.813075320708,0.0211437388974,0.518892651476,0.000135282247831,0.0,0.0,0.0,0.0
GB_paramset-63,GB,"{'subsample': 1.0, 'learning_rate': 0.001, 'random_state': 1, 'n_estimators': 1, 'max_depth': 50}",0.6,0.001,1,50,1,1.0,0.813075320708,0.0211437388974,0.518892651476,0.000135282247831,0.0,0.0,0.0,0.0
GB_paramset-63,GB,"{'subsample': 1.0, 'learning_rate': 0.001, 'random_state': 1, 'n_estimators': 1, 'max_depth': 50}",0.7,0.001,1,50,1,1.0,0.813075320708,0.0211437388974,0.518892651476,0.000135282247831,0.0,0.0,0.0,0.0
GB_paramset-63,GB,"{'subsample': 1.0, 'learning_rate': 0.001, 'random_state': 1, 'n_estimators': 1, 'max_depth': 50}",0.8,0.001,1,50,1,1.0,0.813075320708,0.0211437388974,0.518892651476,0.000135282247831,0.0,0.0,0.0,0.0
GB_paramset-63,GB,"{'subsample': 1.0, 'learning_rate': 0.001, 'random_state': 1, 'n_estimators': 1, 'max_depth': 50}",0.9,0.001,1,50,1,1.0,0.813075320708,0.0211437388974,0.518892651476,0.000135282247831,0.0,0.0,0.0,0.0
GB_paramset-64,GB,"{'subsample': 0.1, 'learning_rate': 0.001, 'random_state': 1, 'n_estimators': 10, 'max_depth': 50}",0.5,0.001,1,50,10,0.1,0.926744822325,0.0236659586596,0.518892651476,0.000135282247831,0.0,0.0,0.0,0.0
GB_paramset-64,GB,"{'subsample': 0.1, 'learning_rate': 0.001, 'random_state': 1, 'n_estimators': 10, 'max_depth': 50}",0.6,0.001,1,50,10,0.1,0.926744822325,0.0236659586596,0.518892651476,0.000135282247831,0.0,0.0,0.0,0.0
GB_paramset-64,GB,"{'subsample': 0.1, 'learning_rate': 0.001, 'random_state': 1, 'n_estimators': 10, 'max_depth': 50}",0.7,0.001,1,50,10,0.1,0.926744822325,0.0236659586596,0.518892651476,0.000135282247831,0.0,0.0,0.0,0.0
GB_paramset-64,GB,"{'subsample': 0.1, 'learning_rate': 0.001, 'random_state': 1, 'n_estimators': 10, 'max_depth': 50}",0.8,0.001,1,50,10,0.1,0.926744822325,0.0236659586596,0.518892651476,0.000135282247831,0.0,0.0,0.0,0.0
GB_paramset-64,GB,"{'subsample': 0.1, 'learning_rate': 0.001, 'random_state': 1, 'n_estimators': 10, 'max_depth': 50}",0.9,0.001,1,50,10,0.1,0.926744822325,0.0236659586596,0.518892651476,0.000135282247831,0.0,0.0,0.0,0.0
GB_paramset-65,GB,"{'subsample': 0.5, 'learning_rate': 0.001, 'random_state': 1, 'n_estimators': 10, 'max_depth': 50}",0.5,0.001,1,50,10,0.5,0.911131874247,0.0263972725505,0.518892651476,0.000135282247831,0.0,0.0,0.0,0.0
GB_paramset-65,GB,"{'subsample': 0.5, 'learning_rate': 0.001, 'random_state': 1, 'n_estimators': 10, 'max_depth': 50}",0.6,0.001,1,50,10,0.5,0.911131874247,0.0263972725505,0.518892651476,0.000135282247831,0.0,0.0,0.0,0.0
GB_paramset-65,GB,"{'subsample': 0.5, 'learning_rate': 0.001, 'random_state': 1, 'n_estimators': 10, 'max_depth': 50}",0.7,0.001,1,50,10,0.5,0.911131874247,0.0263972725505,0.518892651476,0.000135282247831,0.0,0.0,0.0,0.0
GB_paramset-65,GB,"{'subsample': 0.5, 'learning_rate': 0.001, 'random_state': 1, 'n_estimators': 10, 'max_depth': 50}",0.8,0.001,1,50,10,0.5,0.911131874247,0.0263972725505,0.518892651476,0.000135282247831,0.0,0.0,0.0,0.0
GB_paramset-65,GB,"{'subsample': 0.5, 'learning_rate': 0.001, 'random_state': 1, 'n_estimators': 10, 'max_depth': 50}",0.9,0.001,1,50,10,0.5,0.911131874247,0.0263972725505,0.518892651476,0.000135282247831,0.0,0.0,0.0,0.0
GB_paramset-66,GB,"{'subsample': 1.0, 'learning_rate': 0.001, 'random_state': 1, 'n_estimators': 10, 'max_depth': 50}",0.5,0.001,1,50,10,1.0,0.843839755105,0.0391433194843,0.518892651476,0.000135282247831,0.0,0.0,0.0,0.0
GB_paramset-66,GB,"{'subsample': 1.0, 'learning_rate': 0.001, 'random_state': 1, 'n_estimators': 10, 'max_depth': 50}",0.6,0.001,1,50,10,1.0,0.843839755105,0.0391433194843,0.518892651476,0.000135282247831,0.0,0.0,0.0,0.0
GB_paramset-66,GB,"{'subsample': 1.0, 'learning_rate': 0.001, 'random_state': 1, 'n_estimators': 10, 'max_depth': 50}",0.7,0.001,1,50,10,1.0,0.843839755105,0.0391433194843,0.518892651476,0.000135282247831,0.0,0.0,0.0,0.0
GB_paramset-66,GB,"{'subsample': 1.0, 'learning_rate': 0.001, 'random_state': 1, 'n_estimators': 10, 'max_depth': 50}",0.8,0.001,1,50,10,1.0,0.843839755105,0.0391433194843,0.518892651476,0.000135282247831,0.0,0.0,0.0,0.0
GB_paramset-66,GB,"{'subsample': 1.0, 'learning_rate': 0.001, 'random_state': 1, 'n_estimators': 10, 'max_depth': 50}",0.9,0.001,1,50,10,1.0,0.843839755105,0.0391433194843,0.518892651476,0.000135282247831,0.0,0.0,0.0,0.0
GB_paramset-67,GB,"{'subsample': 0.1, 'learning_rate': 0.001, 'random_state': 1, 'n_estimators': 100, 'max_depth': 50}",0.5,0.001,1,50,100,0.1,0.948291333442,0.0155860449193,0.866593965831,0.045004099582,0.883411926515,0.0569139491202,0.837466931217,0.094526120053
GB_paramset-67,GB,"{'subsample': 0.1, 'learning_rate': 0.001, 'random_state': 1, 'n_estimators': 100, 'max_depth': 50}",0.6,0.001,1,50,100,0.1,0.948291333442,0.0155860449193,0.518892651476,0.000135282247831,0.0,0.0,0.0,0.0
GB_paramset-67,GB,"{'subsample': 0.1, 'learning_rate': 0.001, 'random_state': 1, 'n_estimators': 100, 'max_depth': 50}",0.7,0.001,1,50,100,0.1,0.948291333442,0.0155860449193,0.518892651476,0.000135282247831,0.0,0.0,0.0,0.0
GB_paramset-67,GB,"{'subsample': 0.1, 'learning_rate': 0.001, 'random_state': 1, 'n_estimators': 100, 'max_depth': 50}",0.8,0.001,1,50,100,0.1,0.948291333442,0.0155860449193,0.518892651476,0.000135282247831,0.0,0.0,0.0,0.0
GB_paramset-67,GB,"{'subsample': 0.1, 'learning_rate': 0.001, 'random_state': 1, 'n_estimators': 100, 'max_depth': 50}",0.9,0.001,1,50,100,0.1,0.948291333442,0.0155860449193,0.518892651476,0.000135282247831,0.0,0.0,0.0,0.0
GB_paramset-68,GB,"{'subsample': 0.5, 'learning_rate': 0.001, 'random_state': 1, 'n_estimators': 100, 'max_depth': 50}",0.5,0.001,1,50,100,0.5,0.918598991529,0.027337822475,0.844037574853,0.0294759250008,0.864095071109,0.0254113126753,0.801339285714,0.0399713571981
GB_paramset-68,GB,"{'subsample': 0.5, 'learning_rate': 0.001, 'random_state': 1, 'n_estimators': 100, 'max_depth': 50}",0.6,0.001,1,50,100,0.5,0.918598991529,0.027337822475,0.518892651476,0.000135282247831,0.0,0.0,0.0,0.0
GB_paramset-68,GB,"{'subsample': 0.5, 'learning_rate': 0.001, 'random_state': 1, 'n_estimators': 100, 'max_depth': 50}",0.7,0.001,1,50,100,0.5,0.918598991529,0.027337822475,0.518892651476,0.000135282247831,0.0,0.0,0.0,0.0
GB_paramset-68,GB,"{'subsample': 0.5, 'learning_rate': 0.001, 'random_state': 1, 'n_estimators': 100, 'max_depth': 50}",0.8,0.001,1,50,100,0.5,0.918598991529,0.027337822475,0.518892651476,0.000135282247831,0.0,0.0,0.0,0.0
GB_paramset-68,GB,"{'subsample': 0.5, 'learning_rate': 0.001, 'random_state': 1, 'n_estimators': 100, 'max_depth': 50}",0.9,0.001,1,50,100,0.5,0.918598991529,0.027337822475,0.518892651476,0.000135282247831,0.0,0.0,0.0,0.0
GB_paramset-69,GB,"{'subsample': 1.0, 'learning_rate': 0.001, 'random_state': 1, 'n_estimators': 100, 'max_depth': 50}",0.5,0.001,1,50,100,1.0,0.842098992375,0.0401598836917,0.839025043525,0.033003112929,0.813515694872,0.0198200183642,0.864417989418,0.0827997524176
GB_paramset-69,GB,"{'subsample': 1.0, 'learning_rate': 0.001, 'random_state': 1, 'n_estimators': 100, 'max_depth': 50}",0.6,0.001,1,50,100,1.0,0.842098992375,0.0401598836917,0.518892651476,0.000135282247831,0.0,0.0,0.0,0.0
GB_paramset-69,GB,"{'subsample': 1.0, 'learning_rate': 0.001, 'random_state': 1, 'n_estimators': 100, 'max_depth': 50}",0.7,0.001,1,50,100,1.0,0.842098992375,0.0401598836917,0.518892651476,0.000135282247831,0.0,0.0,0.0,0.0
GB_paramset-69,GB,"{'subsample': 1.0, 'learning_rate': 0.001, 'random_state': 1, 'n_estimators': 100, 'max_depth': 50}",0.8,0.001,1,50,100,1.0,0.842098992375,0.0401598836917,0.518892651476,0.000135282247831,0.0,0.0,0.0,0.0
GB_paramset-69,GB,"{'subsample': 1.0, 'learning_rate': 0.001, 'random_state': 1, 'n_estimators': 100, 'max_depth': 50}",0.9,0.001,1,50,100,1.0,0.842098992375,0.0401598836917,0.518892651476,0.000135282247831,0.0,0.0,0.0,0.0
GB_paramset-70,GB,"{'subsample': 0.1, 'learning_rate': 0.001, 'random_state': 1, 'n_estimators': 1000, 'max_depth': 50}",0.5,0.001,1,50,1000,0.1,0.951568399099,0.0105945975487,0.881631559816,0.0186188481454,0.863065042821,0.037102456322,0.90021494709,0.0524834769641
GB_paramset-70,GB,"{'subsample': 0.1, 'learning_rate': 0.001, 'random_state': 1, 'n_estimators': 1000, 'max_depth': 50}",0.6,0.001,1,50,1000,0.1,0.951568399099,0.0105945975487,0.864011172971,0.0401454532334,0.89734269414,0.0616080840979,0.816385582011,0.0860135670847
GB_paramset-70,GB,"{'subsample': 0.1, 'learning_rate': 0.001, 'random_state': 1, 'n_estimators': 1000, 'max_depth': 50}",0.7,0.001,1,50,1000,0.1,0.951568399099,0.0105945975487,0.803363370258,0.0335701092134,0.933982683983,0.0471493959108,0.643353174603,0.105897840579
GB_paramset-70,GB,"{'subsample': 0.1, 'learning_rate': 0.001, 'random_state': 1, 'n_estimators': 1000, 'max_depth': 50}",0.8,0.001,1,50,1000,0.1,0.951568399099,0.0105945975487,0.624806290535,0.0193382459878,1.0,0.0,0.22015542328,0.0400069070503
GB_paramset-70,GB,"{'subsample': 0.1, 'learning_rate': 0.001, 'random_state': 1, 'n_estimators': 1000, 'max_depth': 50}",0.9,0.001,1,50,1000,0.1,0.951568399099,0.0105945975487,0.518892651476,0.000135282247831,0.0,0.0,0.0,0.0
GB_paramset-71,GB,"{'subsample': 0.5, 'learning_rate': 0.001, 'random_state': 1, 'n_estimators': 1000, 'max_depth': 50}",0.5,0.001,1,50,1000,0.5,0.917295480994,0.0281200543075,0.859075168838,0.0241782192136,0.846545667447,0.0203515328469,0.86400462963,0.0479940442514
GB_paramset-71,GB,"{'subsample': 0.5, 'learning_rate': 0.001, 'random_state': 1, 'n_estimators': 1000, 'max_depth': 50}",0.6,0.001,1,50,1000,0.5,0.917295480994,0.0281200543075,0.841569572787,0.0365875534965,0.863564277926,0.0367253374146,0.796130952381,0.0449887394578
GB_paramset-71,GB,"{'subsample': 0.5, 'learning_rate': 0.001, 'random_state': 1, 'n_estimators': 1000, 'max_depth': 50}",0.7,0.001,1,50,1000,0.5,0.917295480994,0.0281200543075,0.793950525168,0.101712157532,0.857714508974,0.0607334122369,0.671048280423,0.199797409875
GB_paramset-71,GB,"{'subsample': 0.5, 'learning_rate': 0.001, 'random_state': 1, 'n_estimators': 1000, 'max_depth': 50}",0.8,0.001,1,50,1000,0.5,0.917295480994,0.0281200543075,0.650213319558,0.0602028073209,0.840404040404,0.115027400772,0.330274470899,0.11203627327
GB_paramset-71,GB,"{'subsample': 0.5, 'learning_rate': 0.001, 'random_state': 1, 'n_estimators': 1000, 'max_depth': 50}",0.9,0.001,1,50,1000,0.5,0.917295480994,0.0281200543075,0.518892651476,0.000135282247831,0.0,0.0,0.0,0.0
GB_paramset-72,GB,"{'subsample': 1.0, 'learning_rate': 0.001, 'random_state': 1, 'n_estimators': 1000, 'max_depth': 50}",0.5,0.001,1,50,1000,1.0,0.870518376433,0.0372139765597,0.838986779927,0.0274893527592,0.810793650794,0.0195231642686,0.869626322751,0.0766874098719
GB_paramset-72,GB,"{'subsample': 1.0, 'learning_rate': 0.001, 'random_state': 1, 'n_estimators': 1000, 'max_depth': 50}",0.6,0.001,1,50,1000,1.0,0.870518376433,0.0372139765597,0.839025043525,0.033003112929,0.813515694872,0.0198200183642,0.864417989418,0.0827997524176
GB_paramset-72,GB,"{'subsample': 1.0, 'learning_rate': 0.001, 'random_state': 1, 'n_estimators': 1000, 'max_depth': 50}",0.7,0.001,1,50,1000,1.0,0.870518376433,0.0372139765597,0.821442920278,0.0427450717135,0.808873277061,0.0247717927326,0.822668650794,0.0919419963657
GB_paramset-72,GB,"{'subsample': 1.0, 'learning_rate': 0.001, 'random_state': 1, 'n_estimators': 1000, 'max_depth': 50}",0.8,0.001,1,50,1000,1.0,0.870518376433,0.0372139765597,0.793873997972,0.0621790648041,0.800153060898,0.019707837449,0.760168650794,0.152958448753
GB_paramset-72,GB,"{'subsample': 1.0, 'learning_rate': 0.001, 'random_state': 1, 'n_estimators': 1000, 'max_depth': 50}",0.9,0.001,1,50,1000,1.0,0.870518376433,0.0372139765597,0.518892651476,0.000135282247831,0.0,0.0,0.0,0.0
GB_paramset-73,GB,"{'subsample': 0.1, 'learning_rate': 0.001, 'random_state': 1, 'n_estimators': 1, 'max_depth': 100}",0.5,0.001,1,100,1,0.1,0.861227824463,0.0242467964245,0.518892651476,0.000135282247831,0.0,0.0,0.0,0.0
GB_paramset-73,GB,"{'subsample': 0.1, 'learning_rate': 0.001, 'random_state': 1, 'n_estimators': 1, 'max_depth': 100}",0.6,0.001,1,100,1,0.1,0.861227824463,0.0242467964245,0.518892651476,0.000135282247831,0.0,0.0,0.0,0.0
GB_paramset-73,GB,"{'subsample': 0.1, 'learning_rate': 0.001, 'random_state': 1, 'n_estimators': 1, 'max_depth': 100}",0.7,0.001,1,100,1,0.1,0.861227824463,0.0242467964245,0.518892651476,0.000135282247831,0.0,0.0,0.0,0.0
GB_paramset-73,GB,"{'subsample': 0.1, 'learning_rate': 0.001, 'random_state': 1, 'n_estimators': 1, 'max_depth': 100}",0.8,0.001,1,100,1,0.1,0.861227824463,0.0242467964245,0.518892651476,0.000135282247831,0.0,0.0,0.0,0.0
GB_paramset-73,GB,"{'subsample': 0.1, 'learning_rate': 0.001, 'random_state': 1, 'n_estimators': 1, 'max_depth': 100}",0.9,0.001,1,100,1,0.1,0.861227824463,0.0242467964245,0.518892651476,0.000135282247831,0.0,0.0,0.0,0.0
GB_paramset-74,GB,"{'subsample': 0.5, 'learning_rate': 0.001, 'random_state': 1, 'n_estimators': 1, 'max_depth': 100}",0.5,0.001,1,100,1,0.5,0.870382316574,0.016979914209,0.518892651476,0.000135282247831,0.0,0.0,0.0,0.0
GB_paramset-74,GB,"{'subsample': 0.5, 'learning_rate': 0.001, 'random_state': 1, 'n_estimators': 1, 'max_depth': 100}",0.6,0.001,1,100,1,0.5,0.870382316574,0.016979914209,0.518892651476,0.000135282247831,0.0,0.0,0.0,0.0
GB_paramset-74,GB,"{'subsample': 0.5, 'learning_rate': 0.001, 'random_state': 1, 'n_estimators': 1, 'max_depth': 100}",0.7,0.001,1,100,1,0.5,0.870382316574,0.016979914209,0.518892651476,0.000135282247831,0.0,0.0,0.0,0.0
GB_paramset-74,GB,"{'subsample': 0.5, 'learning_rate': 0.001, 'random_state': 1, 'n_estimators': 1, 'max_depth': 100}",0.8,0.001,1,100,1,0.5,0.870382316574,0.016979914209,0.518892651476,0.000135282247831,0.0,0.0,0.0,0.0
GB_paramset-74,GB,"{'subsample': 0.5, 'learning_rate': 0.001, 'random_state': 1, 'n_estimators': 1, 'max_depth': 100}",0.9,0.001,1,100,1,0.5,0.870382316574,0.016979914209,0.518892651476,0.000135282247831,0.0,0.0,0.0,0.0
GB_paramset-75,GB,"{'subsample': 1.0, 'learning_rate': 0.001, 'random_state': 1, 'n_estimators': 1, 'max_depth': 100}",0.5,0.001,1,100,1,1.0,0.813075320708,0.0211437388974,0.518892651476,0.000135282247831,0.0,0.0,0.0,0.0
GB_paramset-75,GB,"{'subsample': 1.0, 'learning_rate': 0.001, 'random_state': 1, 'n_estimators': 1, 'max_depth': 100}",0.6,0.001,1,100,1,1.0,0.813075320708,0.0211437388974,0.518892651476,0.000135282247831,0.0,0.0,0.0,0.0
GB_paramset-75,GB,"{'subsample': 1.0, 'learning_rate': 0.001, 'random_state': 1, 'n_estimators': 1, 'max_depth': 100}",0.7,0.001,1,100,1,1.0,0.813075320708,0.0211437388974,0.518892651476,0.000135282247831,0.0,0.0,0.0,0.0
GB_paramset-75,GB,"{'subsample': 1.0, 'learning_rate': 0.001, 'random_state': 1, 'n_estimators': 1, 'max_depth': 100}",0.8,0.001,1,100,1,1.0,0.813075320708,0.0211437388974,0.518892651476,0.000135282247831,0.0,0.0,0.0,0.0
GB_paramset-75,GB,"{'subsample': 1.0, 'learning_rate': 0.001, 'random_state': 1, 'n_estimators': 1, 'max_depth': 100}",0.9,0.001,1,100,1,1.0,0.813075320708,0.0211437388974,0.518892651476,0.000135282247831,0.0,0.0,0.0,0.0
GB_paramset-76,GB,"{'subsample': 0.1, 'learning_rate': 0.001, 'random_state': 1, 'n_estimators': 10, 'max_depth': 100}",0.5,0.001,1,100,10,0.1,0.926744822325,0.0236659586596,0.518892651476,0.000135282247831,0.0,0.0,0.0,0.0
GB_paramset-76,GB,"{'subsample': 0.1, 'learning_rate': 0.001, 'random_state': 1, 'n_estimators': 10, 'max_depth': 100}",0.6,0.001,1,100,10,0.1,0.926744822325,0.0236659586596,0.518892651476,0.000135282247831,0.0,0.0,0.0,0.0
GB_paramset-76,GB,"{'subsample': 0.1, 'learning_rate': 0.001, 'random_state': 1, 'n_estimators': 10, 'max_depth': 100}",0.7,0.001,1,100,10,0.1,0.926744822325,0.0236659586596,0.518892651476,0.000135282247831,0.0,0.0,0.0,0.0
GB_paramset-76,GB,"{'subsample': 0.1, 'learning_rate': 0.001, 'random_state': 1, 'n_estimators': 10, 'max_depth': 100}",0.8,0.001,1,100,10,0.1,0.926744822325,0.0236659586596,0.518892651476,0.000135282247831,0.0,0.0,0.0,0.0
GB_paramset-76,GB,"{'subsample': 0.1, 'learning_rate': 0.001, 'random_state': 1, 'n_estimators': 10, 'max_depth': 100}",0.9,0.001,1,100,10,0.1,0.926744822325,0.0236659586596,0.518892651476,0.000135282247831,0.0,0.0,0.0,0.0
GB_paramset-77,GB,"{'subsample': 0.5, 'learning_rate': 0.001, 'random_state': 1, 'n_estimators': 10, 'max_depth': 100}",0.5,0.001,1,100,10,0.5,0.911131874247,0.0263972725505,0.518892651476,0.000135282247831,0.0,0.0,0.0,0.0
GB_paramset-77,GB,"{'subsample': 0.5, 'learning_rate': 0.001, 'random_state': 1, 'n_estimators': 10, 'max_depth': 100}",0.6,0.001,1,100,10,0.5,0.911131874247,0.0263972725505,0.518892651476,0.000135282247831,0.0,0.0,0.0,0.0
GB_paramset-77,GB,"{'subsample': 0.5, 'learning_rate': 0.001, 'random_state': 1, 'n_estimators': 10, 'max_depth': 100}",0.7,0.001,1,100,10,0.5,0.911131874247,0.0263972725505,0.518892651476,0.000135282247831,0.0,0.0,0.0,0.0
GB_paramset-77,GB,"{'subsample': 0.5, 'learning_rate': 0.001, 'random_state': 1, 'n_estimators': 10, 'max_depth': 100}",0.8,0.001,1,100,10,0.5,0.911131874247,0.0263972725505,0.518892651476,0.000135282247831,0.0,0.0,0.0,0.0
GB_paramset-77,GB,"{'subsample': 0.5, 'learning_rate': 0.001, 'random_state': 1, 'n_estimators': 10, 'max_depth': 100}",0.9,0.001,1,100,10,0.5,0.911131874247,0.0263972725505,0.518892651476,0.000135282247831,0.0,0.0,0.0,0.0
GB_paramset-78,GB,"{'subsample': 1.0, 'learning_rate': 0.001, 'random_state': 1, 'n_estimators': 10, 'max_depth': 100}",0.5,0.001,1,100,10,1.0,0.843839755105,0.0391433194843,0.518892651476,0.000135282247831,0.0,0.0,0.0,0.0
GB_paramset-78,GB,"{'subsample': 1.0, 'learning_rate': 0.001, 'random_state': 1, 'n_estimators': 10, 'max_depth': 100}",0.6,0.001,1,100,10,1.0,0.843839755105,0.0391433194843,0.518892651476,0.000135282247831,0.0,0.0,0.0,0.0
GB_paramset-78,GB,"{'subsample': 1.0, 'learning_rate': 0.001, 'random_state': 1, 'n_estimators': 10, 'max_depth': 100}",0.7,0.001,1,100,10,1.0,0.843839755105,0.0391433194843,0.518892651476,0.000135282247831,0.0,0.0,0.0,0.0
GB_paramset-78,GB,"{'subsample': 1.0, 'learning_rate': 0.001, 'random_state': 1, 'n_estimators': 10, 'max_depth': 100}",0.8,0.001,1,100,10,1.0,0.843839755105,0.0391433194843,0.518892651476,0.000135282247831,0.0,0.0,0.0,0.0
GB_paramset-78,GB,"{'subsample': 1.0, 'learning_rate': 0.001, 'random_state': 1, 'n_estimators': 10, 'max_depth': 100}",0.9,0.001,1,100,10,1.0,0.843839755105,0.0391433194843,0.518892651476,0.000135282247831,0.0,0.0,0.0,0.0
GB_paramset-79,GB,"{'subsample': 0.1, 'learning_rate': 0.001, 'random_state': 1, 'n_estimators': 100, 'max_depth': 100}",0.5,0.001,1,100,100,0.1,0.948291333442,0.0155860449193,0.866593965831,0.045004099582,0.883411926515,0.0569139491202,0.837466931217,0.094526120053
GB_paramset-79,GB,"{'subsample': 0.1, 'learning_rate': 0.001, 'random_state': 1, 'n_estimators': 100, 'max_depth': 100}",0.6,0.001,1,100,100,0.1,0.948291333442,0.0155860449193,0.518892651476,0.000135282247831,0.0,0.0,0.0,0.0
GB_paramset-79,GB,"{'subsample': 0.1, 'learning_rate': 0.001, 'random_state': 1, 'n_estimators': 100, 'max_depth': 100}",0.7,0.001,1,100,100,0.1,0.948291333442,0.0155860449193,0.518892651476,0.000135282247831,0.0,0.0,0.0,0.0
GB_paramset-79,GB,"{'subsample': 0.1, 'learning_rate': 0.001, 'random_state': 1, 'n_estimators': 100, 'max_depth': 100}",0.8,0.001,1,100,100,0.1,0.948291333442,0.0155860449193,0.518892651476,0.000135282247831,0.0,0.0,0.0,0.0
GB_paramset-79,GB,"{'subsample': 0.1, 'learning_rate': 0.001, 'random_state': 1, 'n_estimators': 100, 'max_depth': 100}",0.9,0.001,1,100,100,0.1,0.948291333442,0.0155860449193,0.518892651476,0.000135282247831,0.0,0.0,0.0,0.0
GB_paramset-80,GB,"{'subsample': 0.5, 'learning_rate': 0.001, 'random_state': 1, 'n_estimators': 100, 'max_depth': 100}",0.5,0.001,1,100,100,0.5,0.918598991529,0.027337822475,0.844037574853,0.0294759250008,0.864095071109,0.0254113126753,0.801339285714,0.0399713571981
